Depth_m,SoundSpeed_mps,Temperature_degC,Salinity_PSU
1,1507.75023819735,14.2491191534535,37.91713481
2,1507.77160940233,14.250761914694,37.9166024786613
3,1507.79375998927,14.2537084761387,37.913365597283
4,1507.81570860068,14.2559161981101,37.9118532027666
5,1507.8298283157,14.2541412902768,37.9142426497965
6,1507.83633454159,14.2503408971755,37.9157113441638
7,1507.85182102501,14.2494364195644,37.9169727521648
8,1507.86129158038,14.2458175980792,37.92035078125
9,1507.89094336488,14.2462162523749,37.9296185277526
10,1507.90703133008,14.245124457235,37.931839421666
11,1507.94354635171,14.24805855,37.940125
12,1507.96452753351,14.2474795545046,37.9449512390555
13,1507.97868860582,14.2441375,37.951375
14,1507.96347282597,14.2304333075243,37.9607572323379
15,1507.96475406189,14.223325,37.9665
16,1507.99248032505,14.2206546452678,37.9820632526149
17,1508.00482702235,14.2180625,37.985125
18,1508.05711471568,14.2256374547634,37.9941680747196
19,1508.09718784304,14.2304060787065,38.0006102430555
20,1508.13984331771,14.2334821890921,38.013440899505
21,1508.15250812445,14.2299125,38.01925
22,1508.16954666644,14.2294822472514,38.0205419670623
23,1508.15461821962,14.2162997646236,38.0288302189651
24,1508.15937612701,14.2117926438296,38.03071339
25,1508.2019416862,14.216275,38.039875
26,1508.19867193424,14.2077507440189,38.0455984298473
27,1508.23514510843,14.2106201728024,38.054005634861
28,1508.27278056756,14.214444946006,38.0609031055093
29,1508.28983795073,14.2138033179012,38.06275
30,1508.30296534602,14.2114227594781,38.065895064166
31,1508.31270340836,14.20785,38.069375
32,1508.32544953892,14.2056481491494,38.0717594890559
33,1508.35571670089,14.20845,38.075375
34,1508.36406806524,14.2053892737675,38.0764385146419
35,1508.37638014933,14.2016733804194,38.0823437414933
36,1508.38296887918,14.1971866446314,38.0856422096367
37,1508.37317559058,14.1881375,38.0875
38,1508.38701669607,14.1858995716175,38.0908548782529
39,1508.3643969962,14.1712125,38.096875
40,1508.39310224862,14.1738614164325,38.0996252747781
41,1508.37738039147,14.162175,38.1035
42,1508.38751210207,14.1593369700945,38.1054272950358
43,1508.40044198377,14.1566739293981,38.1091446759259
44,1508.42857582325,14.1580847885713,38.1146005570117
45,1508.45236648416,14.1591375,38.1175
46,1508.47640994771,14.1586091905746,38.1246436963809
47,1508.49283658528,14.157425,38.127375
48,1508.51220957413,14.1553818822592,38.1346578438285
49,1508.542155711,14.1570125,38.141
50,1508.54643084944,14.1507329981914,38.1470453936432
51,1508.56557661245,14.149725,38.1515
52,1508.59740125469,14.152638160215,38.1560634212067
53,1508.6239022696,14.15115,38.167625
54,1508.64838324225,14.151951836924,38.1717164434701
55,1508.67818052343,14.150625,38.1855
56,1508.68710081337,14.1449084506968,38.1938197838532
57,1508.72571048437,14.14975,38.198875
58,1508.7438353468,14.1496795328271,38.2001155911218
59,1508.74552703651,14.1423625,38.20675
60,1508.75475452376,14.1393682945263,38.2083556702189
61,1508.7351762382,14.127259025169,38.2102529113449
62,1508.74643917185,14.1246048560177,38.2126186613116
63,1508.72628317301,14.1129125,38.213
64,1508.74366015409,14.1125612410688,38.2143616097337
65,1508.71809806116,14.0979125,38.218
66,1508.73456327101,14.0970627946964,38.2199092603267
67,1508.75933260233,14.0975625,38.225
68,1508.79757733315,14.1027052901714,38.2289750701946
69,1508.79823695968,14.0966669647383,38.2315340058261
70,1508.76571350339,14.08058659003,38.2332916834276
71,1508.78710400477,14.0807175427437,38.2366258904946
72,1508.82537225683,14.0851620576942,38.2424009355167
73,1508.8462257465,14.0854125,38.245
74,1508.86199743402,14.0838657222586,38.248139920155
75,1508.87837697615,14.0825564814815,38.2511574074074
76,1508.89654321801,14.0823202377696,38.2528551972691
77,1508.92651429749,14.084275,38.258375
78,1508.93386510068,14.0811632595331,38.258793550501
79,1508.97438901907,14.08585,38.26575
80,1508.9842713641,14.0831972885606,38.2670153572388
81,1508.99463340007,14.079639214897,38.2709825319309
82,1508.9775390293,14.0688731719387,38.2714737110719
83,1509.00564975185,14.071025,38.275
84,1509.01098814472,14.0666066381226,38.2771599479661
85,1509.03775352793,14.0683625,38.280625
86,1509.0737729451,14.0727306669428,38.284793357665
87,1509.1255695897,14.081275,38.290875
88,1509.16470422149,14.087182104752,38.2935963308398
89,1509.22548706849,14.0988,38.299
90,1509.25341773076,14.1013365422168,38.3014015495987
91,1509.30799399732,14.1112375,38.30625
92,1509.32777650185,14.11165612,38.3075613334749
93,1509.36682395128,14.116625,38.312625
94,1509.39880801086,14.1202598169444,38.3154585829617
95,1509.42075345472,14.1205345741609,38.3188662659654
96,1509.45106728711,14.1238684478601,38.3211356612332
97,1509.47641408089,14.1256625,38.323375
98,1509.48675569691,14.1233822099947,38.32404522
99,1509.53131830146,14.1303625,38.328375
100,1509.53257585645,14.1250822198477,38.329458527797
101,1509.55776964468,14.1266125,38.33225
102,1509.54259690437,14.116359376706,38.3329276374837
103,1509.56740221194,14.1182357349537,38.3345221354167
104,1509.55829753463,14.1093554651366,38.3365417017892
105,1509.60270541986,14.116625,38.34
106,1509.61687054043,14.1144442211869,38.3434719889546
107,1509.63764864324,14.1146,38.34625
108,1509.63181434685,14.1067311755798,38.3482964246499
109,1509.65875086956,14.1084395399306,38.352022049142
110,1509.64866978689,14.0997923644521,38.3526706088445
111,1509.62994132177,14.0885654513889,38.3530196759259
112,1509.61599406144,14.0786696034252,38.3537891656252
113,1509.62092631341,14.0747375,38.354375
114,1509.63177587719,14.0721251988847,38.3563091299012
115,1509.63881933826,14.0687625,38.357125
116,1509.66947076721,14.0719943021612,38.3599114343618
117,1509.66967991935,14.0666375,38.360375
118,1509.67778318817,14.063741216584,38.3608439786142
119,1509.67081749709,14.0565125,38.360375
120,1509.66332160385,14.0487721582819,38.3607973528807
121,1509.67449735004,14.0465,38.362125
122,1509.68222429976,14.0434182533863,38.362772938635
123,1509.69566375024,14.0420375,38.363625
124,1509.69854605092,14.0376451814089,38.3637633330325
125,1509.71148867267,14.036184962046,38.3644227563384
126,1509.72271530714,14.0331793437065,38.367673009038
127,1509.75190127086,14.0358697135576,38.3706673395309
128,1509.79004329239,14.0408057402304,38.3750600429657
129,1509.84449098187,14.050075,38.381375
130,1509.86889126709,14.0510025107066,38.3850663456595
131,1509.89164421051,14.0522,38.38675
132,1509.91658818781,14.0540148707929,38.3886019685077
133,1509.94664920785,14.0561875,38.393625
134,1509.96593790729,14.0562311871446,38.3954975184319
135,1509.96048128669,14.0489,38.3965
136,1509.97237414817,14.0470069711394,38.3974277045602
137,1509.98394223685,14.0447125,38.399125
138,1510.00382216874,14.0445785733522,38.4019246603902
139,1509.99826037647,14.037725,38.401625
140,1510.02380349341,14.0394571990254,38.4041648445072
141,1510.03729927207,14.0376125,38.40625
142,1510.04822643059,14.0350477329607,38.408129481478
143,1510.07505947991,14.0366625,38.412
144,1510.08035382237,14.0320965097137,38.4145105323369
145,1510.07800620872,14.0259875,38.414875
146,1510.09587538873,14.0253562141025,38.4173434104049
147,1510.09789611998,14.0203,38.4185
148,1510.11647146905,14.0197717568071,38.4212682749155
149,1510.15612005485,14.0254088028374,38.4250585485964
150,1510.23730299926,14.0427662193651,38.4319830480753
151,1510.25723969119,14.04315,38.4335
152,1510.28155604899,14.0443426554996,38.4364420911781
153,1510.30294335777,14.0451625,38.438
154,1510.2948532951,14.037179554294,38.4385748525396
155,1510.3065773908,14.0351375,38.43975
156,1510.29043056143,14.0247321344742,38.44010682
157,1510.3220480363,14.0284125,38.4425
158,1510.31611504006,14.020867440482,38.4436843819184
159,1510.31433988252,14.0147625,38.4445
160,1510.30000685281,14.004829328529,38.4451092891287
161,1510.31293974495,14.003325,38.445875
162,1510.31497923036,13.9985463840804,38.44634176
163,1510.32985278297,13.9967625,38.449375
164,1510.34193324057,13.994154718461,38.4522919081552
165,1510.36596433201,13.9957375,38.454
166,1510.38374225566,13.9953596662764,38.4557450136426
167,1510.39863220757,13.9935823378412,38.4587746055597
168,1510.4101470783,13.991635141035,38.4595451659985
169,1510.43017491192,13.9921462962963,38.4608055555556
170,1510.44459036016,13.9908112357639,38.4623215798611
171,1510.48678579988,13.997425,38.465625
172,1510.50779456765,13.9983899515669,38.4665042574212
173,1510.5679902554,14.0098534589152,38.4717454562858
174,1510.60298273142,14.0141004904124,38.4753746846479
175,1510.63598185118,14.0181220698723,38.4779912659654
176,1510.66036283485,14.0191268821437,38.4814621815551
177,1510.674906507,14.0180105425492,38.48251623
178,1510.70174817469,14.0204524845444,38.4842666425742
179,1510.71660574832,14.0187156245813,38.4871624740881
180,1510.76210332316,14.0255316531755,38.4925962019754
181,1510.77460989442,14.0235375,38.4942732907588
182,1510.80011293686,14.0244493364048,38.4988785762966
183,1510.82284162489,14.0255144373315,38.500875
184,1510.84624842164,14.0261836974289,38.5044279922726
185,1510.86932955721,14.0276444617536,38.5056913000232
186,1510.87981635655,14.023959666052,38.5100897670351
187,1510.87463648524,14.0172944444444,38.5096203703704
188,1510.88261454269,14.0136069794515,38.5120245882795
189,1510.86415507345,14.003075,38.510875
190,1510.88592731186,14.0039714176439,38.5125382547789
191,1510.89252849075,14.0003101867275,38.51377901
192,1510.92523256306,14.00420372,38.5164826076775
193,1510.94141644974,14.003125,38.51875
194,1510.9670739481,14.0050617482019,38.5208466408388
195,1510.95908154137,13.9966,38.52275
196,1510.96547185821,13.9929864179102,38.52370176
197,1510.9877332661,13.9933,38.52725
198,1510.99851201837,13.9908801779235,38.5286432494772
199,1511.01942345884,13.991725,38.52975
200,1511.0263164867,13.988483272307,38.5301499169746
201,1511.0380416911,13.986375,38.5315
202,1511.04137326134,13.9820108316383,38.53193838
203,1511.08407416993,13.9888726896012,38.535
204,1511.10750380747,13.990273881169,38.5366891107808
205,1511.11337418307,13.9867,38.537125
206,1511.13969623497,13.9886001927137,38.5398426566144
207,1511.16578620506,13.9909875,38.541125
208,1511.1937627147,13.9939235690172,38.5425058069858
209,1511.20584265041,13.9921125,38.543375
210,1511.20607729919,13.9868156561916,38.5437320815956
211,1511.22255908773,13.9864625,38.544375
212,1511.23048586184,13.9832402412538,38.545551047015
213,1511.23399986041,13.979075,38.545625
214,1511.2394164055,13.9753211802935,38.5461630739133
215,1511.26075600703,13.9760625,38.547875
216,1511.27717768848,13.9752428844471,38.549667505487
217,1511.2976594767,13.9759625,38.55075
218,1511.30032721058,13.9709000201884,38.5524541192818
219,1511.31943109347,13.9714,38.553
220,1511.33572203701,13.9709468102763,38.5537472081537
221,1511.32952121508,13.9631272343157,38.5554526157229
222,1511.33899456262,13.9605784194513,38.5561388639908
223,1511.34451514918,13.957025,38.55625
224,1511.33862711086,13.9496277511082,38.5571279447606
225,1511.34921539275,13.9475,38.557625
226,1511.37475125627,13.9492124453661,38.5601899018936
227,1511.41220047734,13.9544748263889,38.5631471354167
228,1511.43170804731,13.9543014114228,38.5657438741855
229,1511.4637734265,13.9582125,38.567875
230,1511.48456698805,13.9588421985375,38.5694354114591
231,1511.50892899972,13.9602875,38.57175
232,1511.52213528413,13.9589118825344,38.5724030855682
233,1511.52899422151,13.95505,38.574375
234,1511.53753233904,13.9524576748017,38.5744271
235,1511.542115646,13.94785,38.5765
236,1511.55640046795,13.9465580640479,38.5778002296519
237,1511.58021217977,13.947925,38.579875
238,1511.60165447676,13.9485213196231,38.5820379553426
239,1511.6400265086,13.9542625,38.5845
240,1511.66727639269,13.9564884582645,38.5871135388801
241,1511.6847659052,13.9560125,38.588875
242,1511.70701405337,13.9573176943754,38.5898602906553
243,1511.73533761749,13.9597778549962,38.592729620586
244,1511.75321129325,13.9596239193097,38.5939702244153
245,1511.78335347526,13.963025,38.595875
246,1511.80110544805,13.9631962485245,38.5961829099812
247,1511.82487752021,13.9647,38.597875
248,1511.81801253603,13.9574785518101,38.5975167941208
249,1511.82257752766,13.953775,38.59725
250,1511.8138847629,13.9457510783145,38.5975003596829
251,1511.82269454053,13.9433125,38.597375
252,1511.84652177304,13.9447619682335,38.5992481286851
253,1511.85854513748,13.943175,38.5995
254,1511.87483566768,13.9426060855776,38.6005425328437
255,1511.8815824268,13.9393,38.601
256,1511.89514420916,13.93811325,38.6014519481436
257,1511.90643769832,13.936186474377,38.6019950810185
258,1511.92761314609,13.9372203786252,38.6028178575625
259,1511.94645521063,13.9372023148148,38.6044814814815
260,1511.96945101011,13.9385854046811,38.6058599293553
261,1511.98762636764,13.9386125,38.606875
262,1512.00891293605,13.9395533125952,38.6080254487277
263,1512.02820055743,13.9400875,38.608625
264,1512.05160001716,13.9415899130278,38.61001883
265,1512.07948269842,13.9444997540509,38.611375
266,1512.10257954324,13.9460707592756,38.6123511157983
267,1512.12029540544,13.9459583916914,38.6133570503951
268,1512.1400511323,13.9465520062865,38.6141772253091
269,1512.16293357335,13.94817145,38.6148575
270,1512.18423718401,13.9492936362226,38.6155550589849
271,1512.2093314121,13.9514432076449,38.61663906
272,1512.23509778467,13.9536351603675,38.6181510115632
273,1512.25116970898,13.9532687,38.6184965
274,1512.26915400408,13.9531085713674,38.6198386809842
275,1512.28742587922,13.9534,38.62025
276,1512.30663817326,13.9533744682936,38.622226648834
277,1512.32486310723,13.9536529360087,38.6226335903636
278,1512.34971560049,13.955504382038,38.6242903576258
279,1512.36757606854,13.9557462962963,38.6245
280,1512.39398818738,13.9581121206639,38.6260803980074
281,1512.41310012484,13.9586125,38.626625
282,1512.43719496764,13.9604609893161,38.62768445
283,1512.45822742924,13.96155,38.62825
284,1512.49742686801,13.9673999745569,38.6310904777579
285,1512.51419857802,13.9672173907934,38.6315206541747
286,1512.54351752332,13.9703387783925,38.6334823042427
287,1512.56251484941,13.9708625,38.633875
288,1512.58851827839,13.9731174996869,38.6354150302474
289,1512.61852174972,13.97655,38.637125
290,1512.61992621191,13.9719540327518,38.6366196492329
291,1512.64051387308,13.9728532742584,38.6373172789725
292,1512.65378419899,13.9714745451718,38.6380234210434
293,1512.66919763113,13.9709,38.638375
294,1512.70528445364,13.9758546619746,38.6410316482193
295,1512.74034542372,13.980812378559,38.6428626972201
296,1512.76678170132,13.9834198467775,38.643843523376
297,1512.79326070162,13.985875,38.64525
298,1512.80947034614,13.985531892477,38.64564177
299,1512.83275924082,13.9870625,38.646875
300,1512.85037427997,13.9872779074201,38.6469544793024
301,1512.874569536,13.9892859731208,38.6476852353606
302,1512.90251334877,13.9922887069131,38.6488556285188
303,1512.93080388527,13.9953329723286,38.6501967669551
304,1512.95809409475,13.9980699581448,38.6515284376303
305,1512.9851117034,14.0007125404504,38.6528851350723
306,1513.01209990514,14.0033392678369,38.6542593824378
307,1513.0387803941,14.0058823680552,38.6556028702123
308,1513.06482990776,14.008256911979,38.65687538
309,1513.0897538369,14.0103266871441,38.6580314310471
310,1513.11314018217,14.0119808914219,38.6590262398543
311,1513.13496123679,14.0132154168201,38.6598480867827
312,1513.15629714487,14.0143154450267,38.6606276286202
313,1513.17780559702,14.0154594355245,38.6614321042981
314,1513.20079943902,14.0170064180264,38.6623886405551
315,1513.22555386882,14.0190324281639,38.6635220206059
316,1513.25160771605,14.0214132316107,38.6647829072555
317,1513.27849327357,14.0240226084012,38.6661217938854
318,1513.30570591353,14.0267232522037,38.66748806
319,1513.3327587588,14.0293831031434,38.6688317062098
320,1513.35886641643,14.0317752570234,38.6701075527413
321,1513.38353151259,14.0337596014407,38.6712776653251
322,1513.40646944201,14.0352609228818,38.6723075126635
323,1513.42714703109,14.0361377214668,38.6731340864437
324,1513.44664290309,14.0366914977762,38.6738453691167
325,1513.46591892028,14.0371903993446,38.6745217184828
326,1513.48498216603,14.0376387592328,38.6751576700463
327,1513.5038397001,14.0380408502116,38.6757478959088
328,1513.52250951321,14.0384027733868,38.6762911109724
329,1513.54099864003,14.0387282480326,38.676783389034
330,1513.55929158594,14.0390167970088,38.6772135716368
331,1513.57716222787,14.0391977229549,38.6775824134295
332,1513.59406400815,14.0390916495404,38.6779135495899
333,1513.61005582403,14.0387146523829,38.6782128055761
334,1513.62527184511,14.0381077211835,38.6784822228639
335,1513.6400674473,14.0373764833549,38.6787347000851
336,1513.65459251048,14.03656472993,38.6789776261902
337,1513.66893943428,14.0357020977793,38.679208779637
338,1513.68319841846,14.0348163526888,38.6794289755775
339,1513.69746307182,14.0339337481019,38.6796456269999
340,1513.71205762453,14.0331448562287,38.6798853101701
341,1513.72706548021,14.0324669889963,38.6801702081411
342,1513.74196816027,14.0317546024027,38.6804596388725
343,1513.75672605966,14.0310005276724,38.6807403660545
344,1513.77128884276,14.0301949874321,38.6809972784497
345,1513.78556766995,14.0293185232931,38.6812093561082
346,1513.7994087245,14.0283264971355,38.6813683147374
347,1513.8126486315,14.0271619113491,38.681489985216
348,1513.82544422151,14.0258729622794,38.6815759828206
349,1513.83842302054,14.0246346471776,38.6816784211334
350,1513.85194077046,14.0235492438877,38.6818189043858
351,1513.866113665,14.0226501680875,38.6820044243754
352,1513.88045238959,14.0217904753438,38.6822213041982
353,1513.89496886199,14.0209773726582,38.6824605489178
354,1513.90976153247,14.0202442687893,38.6827150153558
355,1513.92480129317,14.0195866821521,38.6829729377554
356,1513.94007386611,14.0190060638245,38.6832191657198
357,1513.95558360761,14.0185003957424,38.68346235
358,1513.97114124021,14.0180023232737,38.68372423
359,1513.98680627253,14.0175328620631,38.6839983772756
360,1514.00263834168,14.017115672424,38.6842716689195
361,1514.01871761174,14.0167783396739,38.6845372987417
362,1514.03509152996,14.0165330818692,38.6848017869032
363,1514.05176469681,14.016370993379,38.6850916757691
364,1514.06870925303,14.016280890987,38.685413423118
365,1514.08594901785,14.0162724236862,38.6857612719396
366,1514.10346212407,14.0163398678915,38.6861324469328
367,1514.12118051365,14.0164677808867,38.68651223
368,1514.1390293256,14.0166387476407,38.6868855344541
369,1514.15696557237,14.0168428475959,38.6872434922944
370,1514.17492921391,14.0170658918515,38.6875745736362
371,1514.19281674043,14.0172786701037,38.68787109938
372,1514.2108975584,14.0175450728689,38.6881842290343
373,1514.22935812365,14.0179183930795,38.6885260602758
374,1514.24826894096,14.0184176184501,38.6889041614285
375,1514.26757787554,14.0190273239127,38.689316502537
376,1514.28720827188,14.0197256696404,38.6897579381569
377,1514.3073995183,14.0205785889373,38.6902504110013
378,1514.32916098971,14.0218668811742,38.6908792683993
379,1514.352071676,14.0234752211296,38.6916043951311
380,1514.37552530559,14.0252330941712,38.6923793645521
381,1514.39861523656,14.0268867110828,38.6931315315782
382,1514.42073037171,14.028268154322,38.6938037807414
383,1514.44144507749,14.0292567584619,38.6943658064105
384,1514.46051585503,14.0297845902067,38.694797424111
385,1514.47796677353,14.0298637683686,38.6950867115787
386,1514.49503036957,14.0298370753801,38.695338280672
387,1514.51190810348,14.0297649618346,38.6955578740457
388,1514.52864554465,14.0296638926311,38.6957396218913
389,1514.54510326414,14.0294958017689,38.69586987
390,1514.56118805463,14.0292380637849,38.6959322482585
391,1514.57684682825,14.0288727729031,38.6959303325697
392,1514.59175151259,14.0282969063481,38.695866580213
393,1514.6058385061,14.0274908855441,38.695740491947
394,1514.61940322445,14.0265332177084,38.6955865404343
395,1514.63284607395,14.0255330517014,38.6954443687158
396,1514.6463592492,14.0245465702055,38.6953232524237
397,1514.66005969304,14.0236099037489,38.6952238231235
398,1514.67363462199,14.0226378624181,38.6951149642117
399,1514.68695938567,14.021598271665,38.6949797310035
400,1514.70040462805,14.0205892595016,38.6948622290304
401,1514.71409609946,14.0196451613109,38.6947747246772
402,1514.72810451801,14.0187890072455,38.6947145407457
403,1514.74230121919,14.0179818147561,38.6946790000375
404,1514.75664566162,14.0172120127859,38.6946654253545
405,1514.77115762545,14.0164869023467,38.6946708544528
406,1514.78550525461,14.0157172155045,38.6946594653561
407,1514.79941500014,14.0148295556172,38.6946012729426
408,1514.81295727307,14.0138421825109,38.6945056499934
409,1514.82641698036,14.0128319670096,38.6944027523455
410,1514.83996211283,14.0118430960922,38.6943132742593
411,1514.85336427213,14.0108067134484,38.6942316568464
412,1514.86635533635,14.0096423224936,38.69415054
413,1514.87929166404,14.0084519083418,38.6940926086676
414,1514.89242893528,14.0073095922368,38.6940716723317
415,1514.90540361926,14.0061171426597,38.6940497076863
416,1514.91832955256,14.0049091804943,38.6940287037813
417,1514.93166321994,14.0038146046472,38.694042098807
418,1514.94587384857,14.0029640356357,38.694129041486
419,1514.96117216845,14.0024202760646,38.6942964215788
420,1514.97721084059,14.0020865466278,38.6945154230183
421,1514.99348779921,14.0018215096069,38.6947481659144
422,1515.00990211143,14.0016018117334,38.694974021934
423,1515.02638736028,14.0014108743292,38.6951825327835
424,1515.04280760409,14.0012094789084,38.6953658903487
425,1515.05892199645,14.000934957414,38.6954927455308
426,1515.07458559438,14.0005500828787,38.6955429885801
427,1515.08978626153,14.0000445635533,38.6955333990406
428,1515.10447956143,13.999398545173,38.69547953694
429,1515.11861732155,13.998597436956,38.6953804496826
430,1515.13211410129,13.9976161659816,38.6952323649608
431,1515.14504848932,13.9964785202061,38.6950369631926
432,1515.15766578406,13.9952518806865,38.694817044118
433,1515.17025452625,13.9940149283474,38.6946008792241
434,1515.18284334026,13.9927752089894,38.6943919405792
435,1515.19560063343,13.9915808482072,38.6942010362354
436,1515.20876197472,13.9904986820057,38.6940445034897
437,1515.22249984698,13.9895726827507,38.6939470498197
438,1515.23680022685,13.9887971761472,38.6939120249244
439,1515.25151649778,13.9881324135002,38.69392447
440,1515.26661542513,13.987571651729,38.6939751487201
441,1515.28189390011,13.9870596774217,38.6940437563572
442,1515.29728798238,13.9865809788575,38.694119088832
443,1515.31269779683,13.9861089944802,38.6941896535841
444,1515.32789005986,13.9855785786603,38.6942366078191
445,1515.34277273301,13.9849666936748,38.6942456736024
446,1515.35717463924,13.9842299256899,38.6941917558386
447,1515.37134914972,13.9834372240847,38.6940999763159
448,1515.38539810885,13.982616188796,38.6939807280751
449,1515.39938653659,13.9817836655816,38.6938426369442
450,1515.41330299458,13.9809344650866,38.6936899170351
451,1515.42709205739,13.9800508323913,38.6935239633114
452,1515.44073927826,13.9791266859727,38.6933488878878
453,1515.45417523313,13.9781406155892,38.6931643137363
454,1515.46744580077,13.9771038495259,38.6929780281266
455,1515.48053513749,13.9760101854359,38.6927933448537
456,1515.4932633737,13.9748088313431,38.6925972493859
457,1515.50574118151,13.9735329653783,38.6923928312126
458,1515.51804801909,13.9722074242067,38.6921796907564
459,1515.53024198215,13.9708495704891,38.6919595833464
460,1515.54237672863,13.9694757888629,38.6917332275844
461,1515.55453482531,13.9681100330968,38.6915049539383
462,1515.56670058295,13.9667481878076,38.6912728151939
463,1515.57886594889,13.9653882869003,38.6910354359479
464,1515.59108424285,13.9640458138143,38.6907955655007
465,1515.60338711021,13.9627301343174,38.6905543750868
466,1515.61567040695,13.9614110493867,38.69030638
467,1515.62785200059,13.9600617213943,38.6900550453097
468,1515.63988819426,13.9586697616026,38.68979736
469,1515.65175031814,13.957227478062,38.6895302339437
470,1515.66349582614,13.9557513804626,38.6892570856115
471,1515.67522325415,13.9542693385396,38.6889849018476
472,1515.68696714699,13.9527903618616,38.688718088639
473,1515.69880133139,13.95133525,38.6884620749519
474,1515.71082205618,13.9499314528049,38.68822307
475,1515.72311607398,13.9486043003564,38.6880051414526
476,1515.73565259986,13.9473483846098,38.6877975915562
477,1515.74840073657,13.94615544,38.6875969971672
478,1515.76139915789,13.9450365210698,38.6874057686021
479,1515.77449313612,13.9439490702126,38.6872098658246
480,1515.78764961197,13.9428829511786,38.6870089733981
481,1515.80087715377,13.941839718024,38.6868059290707
482,1515.81410188899,13.9407971499413,38.6865989402584
483,1515.82732070913,13.9397531170862,38.68639101007
484,1515.84057053374,13.9387170781227,38.6861872723837
485,1515.85389399845,13.9377005582047,38.6859921010375
486,1515.86726281558,13.9366951233051,38.6858046168144
487,1515.88056622596,13.9356679878355,38.6856207860277
488,1515.89379804517,13.9346170642021,38.6854410517556
489,1515.90691033128,13.9335286296984,38.6852624712132
490,1515.91986660318,13.932393800436,38.6850787958817
491,1515.93272093025,13.9312288292651,38.6848913619798
492,1515.94547038663,13.9300342303269,38.6846965152783
493,1515.95812430502,13.9288137247631,38.6844921322194
494,1515.97071346478,13.9275765494673,38.68427901
495,1515.98325674058,13.9263286957145,38.6840567943907
496,1515.99572411944,13.9250629813553,38.6838200177025
497,1516.00811072029,13.9237776400519,38.6835693383708
498,1516.02042878775,13.9224752568601,38.6833078839159
499,1516.03274372413,13.9211728606412,38.6830440245925
500,1516.04506939754,13.9198725970308,38.6827833110673
501,1516.05740627881,13.9185740477992,38.6825271970519
502,1516.06977519777,13.9172820824607,38.6822797723925
503,1516.0822058121,13.9160048702175,38.6820436714067
504,1516.09473692139,13.9147538096579,38.6818205034517
505,1516.10739959687,13.9135382978145,38.6816108584887
506,1516.12016479108,13.9123511190703,38.68141012
507,1516.1329697078,13.9111765295515,38.6812086981468
508,1516.14571641645,13.9099891351979,38.68099382
509,1516.15832413005,13.9087655584363,38.6807612220799
510,1516.17067057811,13.9074716937028,38.6805011694955
511,1516.18276456735,13.90610989576,38.6802146495551
512,1516.19466260904,13.9046961713651,38.6799055578175
513,1516.20641567052,13.9032444756382,38.6795786448238
514,1516.21807592448,13.9017692831129,38.6792382780949
515,1516.22970639606,13.9002875543827,38.6788910771836
516,1516.24136525379,13.8988148593054,38.6785433601152
517,1516.25312384309,13.8973703366692,38.6782027594082
518,1516.26499158328,13.8959563273274,38.6778707522759
519,1516.27697218816,13.894573445248,38.6775487113398
520,1516.28896438568,13.8931927753907,38.6772303071333
521,1516.30096892431,13.8918138451354,38.6769173563284
522,1516.31295492915,13.8904267836855,38.6766106573116
523,1516.32495695665,13.8890415807927,38.6763120473462
524,1516.33700002334,13.8876654006271,38.6760230276805
525,1516.34910188611,13.8863042293264,38.6757423355941
526,1516.36127435192,13.8849617740678,38.675469832836
527,1516.3735004853,13.8836339328782,38.6752025674196
528,1516.38576990172,13.8823185122036,38.6749378981885
529,1516.39810469772,13.8810225834008,38.6746752253895
530,1516.41051517968,13.8797500535151,38.6744126930928
531,1516.42296484552,13.878491056219,38.6741465948505
532,1516.43542940214,13.8772386077924,38.6738755428428
533,1516.44787309648,13.8759818410144,38.6735990204585
534,1516.46024877293,13.8747068425796,38.6733152683851
535,1516.47252724791,13.8734050456511,38.6730230907411
536,1516.48469528884,13.8720723099848,38.6727226123416
537,1516.49673716054,13.8707036627612,38.67241411
538,1516.50862851463,13.8692917099448,38.6720972324779
539,1516.52029140282,13.8678140510354,38.6717675532636
540,1516.53164087164,13.8662469072595,38.6714186193786
541,1516.54221964058,13.8644631980507,38.671013259319
542,1516.55205606973,13.8624712473861,38.6705527306416
543,1516.56122874031,13.8602920994627,38.6700455700883
544,1516.56977637202,13.857935167257,38.6694985
545,1516.57788195832,13.8554522803454,38.6689239542425
546,1516.58572978139,13.8528957442616,38.6683341308586
547,1516.59350033232,13.8503168838559,38.667740692245
548,1516.60139493208,13.8477732718771,38.6671557605587
549,1516.60962260945,13.8453244426134,38.6665925023608
550,1516.61836183314,13.843021590172,38.6660611733196
551,1516.62745408792,13.8408195357055,38.6655517900231
552,1516.63659449783,13.8386329068755,38.6650413361524
553,1516.64588270242,13.836490109782,38.6645359993923
554,1516.65534014344,13.8343968207404,38.6640382176008
555,1516.66491232057,13.8323361000796,38.6635482062377
556,1516.67464734035,13.8303209364586,38.66307081
557,1516.68458268834,13.8283613407273,38.6626100774948
558,1516.69474451934,13.8264641010642,38.66216933
559,1516.70514678126,13.8246334268707,38.661748799851
560,1516.71581783923,13.8228781962103,38.6613481661138
561,1516.72680378733,13.8212120073382,38.6609690639743
562,1516.73803776918,13.8196161254678,38.6606064849382
563,1516.74946247581,13.8180744415063,38.6602562698742
564,1516.76104486365,13.8165777367699,38.6599158371521
565,1516.77269916589,13.8151022366631,38.65957813
566,1516.78431161687,13.8136151973492,38.6592369297982
567,1516.7958659033,13.8121147248524,38.6588841068698
568,1516.80732045083,13.8105903458018,38.65851354
569,1516.81862588886,13.8090270956596,38.6581245004196
570,1516.82979756759,13.8074281548094,38.65772104
571,1516.84085267687,13.8057972142663,38.6573073580139
572,1516.85180699802,13.8041375740172,38.6568875381828
573,1516.8624992122,13.8024035194425,38.6564509762467
574,1516.87285422437,13.8005724622951,38.6559961479978
575,1516.88292844279,13.7986588105144,38.6555308833437
576,1516.89269461771,13.7966554113778,38.6550519577779
577,1516.90235925373,13.7946209292434,38.6545725918362
578,1516.91223244611,13.7926431898502,38.6541132648618
579,1516.92259946365,13.7908031486979,38.6536923465727
580,1516.93368220165,13.789164165885,38.65332307
581,1516.94570402727,13.7877897474451,38.6530194395385
582,1516.95838509492,13.7866027812992,38.6527573808447
583,1516.97159450232,13.7855681215864,38.6525232291972
584,1516.98531133504,13.7846797880217,38.6523157142195
585,1516.99930059112,13.7838694614606,38.6521239
586,1517.01350096483,13.7831194267822,38.651944648435
587,1517.02787050109,13.7824179893277,38.6517747021276
588,1517.04240028897,13.7817626019805,38.6516135261561
589,1517.05708053395,13.7811503680443,38.6514607857258
590,1517.07147971426,13.7804571814209,38.651293015978
591,1517.08540782299,13.7796297448021,38.6510964170423
592,1517.09877608645,13.7786430382879,38.6508648737195
593,1517.1115783994,13.7774956077576,38.6505973148845
594,1517.12403193892,13.7762500009341,38.6503053440283
595,1517.13638806415,13.7749779693294,38.6500040181389
596,1517.14890342799,13.7737526446515,38.6497090194623
597,1517.16185012693,13.7726514307811,38.6494372752938
598,1517.17543520874,13.7717335828343,38.6492007159822
599,1517.18919571147,13.7708636658259,38.6489801614679
600,1517.20300230531,13.77000448,38.6487686154519
601,1517.21676425093,13.769131276465,38.6485576788719
602,1517.23029251668,13.7681912724993,38.6483330388895
603,1517.24364685162,13.7672021117051,38.6480967496814
604,1517.25692907816,13.7661931471658,38.6478541440555
605,1517.27024103139,13.7651937319649,38.6476105548201
606,1517.28368455921,13.7642332191857,38.6473713147833
607,1517.29730652989,13.7633249953819,38.6471391818547
608,1517.31085616814,13.7623958128268,38.6469035378282
609,1517.32427278761,13.7614276497722,38.64666259
610,1517.33729249545,13.7603452002912,38.646400609082
611,1517.34962608804,13.7590673036009,38.6460968439431
612,1517.36140866067,13.7576329899073,38.6457581663028
613,1517.37280922446,13.7560904365556,38.6453948311787
614,1517.38399681678,13.754487820891,38.6450170935885
615,1517.39514070599,13.7528733866867,38.6446351970841
616,1517.40637678012,13.7512861802519,38.6442565261808
617,1517.41778651438,13.7497499737896,38.6438845569006
618,1517.42947649237,13.7482951340109,38.6435257223837
619,1517.4414394478,13.7469195008414,38.6431797863498
620,1517.45345882191,13.7455603089165,38.6428363864224
621,1517.46552403044,13.7442138527614,38.6424966649707
622,1517.47765753378,13.7428858879095,38.6421636423613
623,1517.48988179543,13.7415821698942,38.6418403389609
624,1517.50221221273,13.7403064010011,38.64152945
625,1517.51459942335,13.739043969076,38.64122941
626,1517.52702745055,13.7377914207232,38.640936404312
627,1517.53950805676,13.7365529603784,38.640648927173
628,1517.5520010993,13.7353178361559,38.6403627804833
629,1517.56449060143,13.7340821838568,38.6400752187879
630,1517.57699283031,13.7328510386813,38.639786182798
631,1517.58951444513,13.7316264753217,38.6394956116552
632,1517.60207441589,13.7304138984253,38.6392046438375
633,1517.61467718663,13.7292144978879,38.6389137403305
634,1517.62724733089,13.7280064484213,38.6386192374267
635,1517.63976528788,13.7267859163737,38.6383154541184
636,1517.65223797286,13.7255554675047,38.6380012651258
637,1517.66469221857,13.7243221283013,38.6376798860008
638,1517.67705357186,13.723064356167,38.6373477114684
639,1517.68926450254,13.721764525911,38.6370045035143
640,1517.70134997863,13.7204288433557,38.6366541247413
641,1517.71333555479,13.719063685463,38.63630046
642,1517.72523668017,13.7176727190589,38.6359463487198
643,1517.73705382069,13.7162558715952,38.63559236
644,1517.74877626243,13.714809810535,38.6352385890906
645,1517.76042200267,13.7133391105282,38.634887554954
646,1517.77196383796,13.7118372827346,38.6345343707759
647,1517.7833744989,13.7102978191591,38.6341741501802
648,1517.79469508211,13.7087321066681,38.6338101916776
649,1517.80597424172,13.7071539092959,38.6334456572858
650,1517.81726909434,13.7055795020733,38.6330839464164
651,1517.82862314798,13.7040215211681,38.6327270222202
652,1517.83982210845,13.7024218590488,38.6323544929994
653,1517.85072490075,13.7007408377416,38.6319566558171
654,1517.86138652782,13.6989926235657,38.6315407133463
655,1517.87189621767,13.6972021725406,38.6311131967964
656,1517.88208835399,13.6953224592953,38.6306638895622
657,1517.89202845927,13.6933716660331,38.6301979743371
658,1517.90185101793,13.6913874940783,38.6297250402908
659,1517.91179809041,13.6894384229998,38.6292606822767
660,1517.92211768873,13.68759462008,38.6288208251502
661,1517.93266184563,13.6858136174872,38.6283974876142
662,1517.94307202869,13.6839938275821,38.627968020784
663,1517.95345945238,13.6821675426107,38.6275374281341
664,1517.96397392639,13.6803780324787,38.627113017312
665,1517.97459294649,13.6786195285522,38.6266917774419
666,1517.98535850402,13.67690451,38.6262748289742
667,1517.99628541184,13.6752369394176,38.6258636943736
668,1518.0074106573,13.6736272441046,38.6254608164066
669,1518.01882510567,13.6721013533588,38.6250714047068
670,1518.03045031712,13.6706376081967,38.6246890320951
671,1518.04198630201,13.6691509801751,38.6242949247575
672,1518.05352318284,13.6676659671293,38.6238974382642
673,1518.06508381654,13.6661884839578,38.6234994628434
674,1518.07663281793,13.6647077112001,38.6231008391917
675,1518.08812353032,13.6632091119522,38.6227020677603
676,1518.09960856568,13.66170713,38.6223076511297
677,1518.11118656247,13.6602292707745,38.6219249105648
678,1518.1229191394,13.6587926339472,38.6215586229013
679,1518.13479021905,13.6573928452561,38.6212072982733
680,1518.14664807602,13.6559887186616,38.6208567621518
681,1518.15845477392,13.6545699993552,38.6205033644351
682,1518.17020539187,13.653135470769,38.6201463415314
683,1518.18192363561,13.6516918232301,38.6197872458371
684,1518.19359859805,13.6502368864073,38.6194230103429
685,1518.20527058876,13.6487823787691,38.6190553776581
686,1518.21700961444,13.6473477050892,38.6186898252912
687,1518.22881327431,13.6459325393213,38.618325276469
688,1518.24077172201,13.6445618794287,38.6179687498483
689,1518.25293955688,13.6432507964157,38.6176246611363
690,1518.26535784756,13.6420105478967,38.6172965264973
691,1518.27797044238,13.640824680685,38.6169822485436
692,1518.29074217465,13.6396826378465,38.6166811687787
693,1518.30373315658,13.638600524256,38.616399414064
694,1518.3169197103,13.6375721920618,38.6161340410378
695,1518.33029348216,13.6365954996541,38.6158839318421
696,1518.34385968351,13.6356717153337,38.6156499376322
697,1518.35748243817,13.6347635856053,38.6154203902234
698,1518.37115184938,13.6338683101358,38.6151946630634
699,1518.3849006249,13.632994905466,38.6149754299803
700,1518.39872594233,13.632142733226,38.6147620918358
701,1518.41228786146,13.6312165785377,38.6145307453478
702,1518.42548992433,13.6301894777561,38.6142744905238
703,1518.4384294007,13.6290887434368,38.6140000105361
704,1518.45122132278,13.6279472272889,38.6137137607667
705,1518.46392687897,13.6267827277606,38.6134183321109
706,1518.47659850182,13.6256100415258,38.6131171226257
707,1518.48930380084,13.6244479469371,38.6128152892234
708,1518.50210794376,13.6233148746655,38.612516935931
709,1518.51507996704,13.6222306752464,38.612225556549
710,1518.52829431423,13.6212168843661,38.6119445729909
711,1518.54164346302,13.6202427416026,38.6116681111984
712,1518.55495314124,13.6192586729396,38.61138594
713,1518.56815402741,13.6182448235644,38.6110943500906
714,1518.58119172374,13.6171853837482,38.61079103433
715,1518.59406812423,13.6160799135179,38.6104786616808
716,1518.60682865232,13.6149401407425,38.6101630084937
717,1518.6195141517,13.613776920686,38.60984846
718,1518.63216041034,13.6125997770128,38.6095388243857
719,1518.64479035679,13.6114146950542,38.6092368429859
720,1518.65739760013,13.6102196685992,38.6089426342933
721,1518.67001743212,13.6090251509932,38.6086571849696
722,1518.6826803436,13.6078404485582,38.6083806283888
723,1518.69543109995,13.6066792014817,38.6081132161644
724,1518.70819986376,13.6055236850751,38.6078452968998
725,1518.72094386057,13.6043629673507,38.6075711602486
726,1518.73370100357,13.6032082745415,38.6072918683948
727,1518.74651358392,13.6020718059341,38.6070094427273
728,1518.75939945685,13.6009585818502,38.6067250704488
729,1518.772428899,13.5998884766421,38.6064431377747
730,1518.78564586045,13.5988729357574,38.6061689388941
731,1518.79910417283,13.5979263299674,38.6059080413381
732,1518.81296299301,13.5970924821889,38.6056734543512
733,1518.82725394204,13.5963793718933,38.6054696328734
734,1518.84194764561,13.595777758356,38.6052971499922
735,1518.85695774643,13.5952635956766,38.60514962
736,1518.87218830903,13.5948102355316,38.6050197900032
737,1518.88753819381,13.5943893842819,38.6049005403401
738,1518.90278045764,13.593938133801,38.6047744063357
739,1518.9177947048,13.5934229554759,38.6046325348874
740,1518.93251189311,13.5928242483361,38.60447083
741,1518.9468750581,13.5921260524863,38.6042853670269
742,1518.96077360215,13.5912981597352,38.6040664941109
743,1518.97409030442,13.5903095679794,38.60380135
744,1518.98688662734,13.5891780509554,38.60349278
745,1518.99927769839,13.5879353377953,38.6031501446125
746,1519.01142821786,13.586626759132,38.6027869640951
747,1519.02349191689,13.5852945213724,38.6024161165103
748,1519.0356013606,13.5839744314517,38.6020502241251
749,1519.04786984442,13.5826975849128,38.6016987755073
750,1519.06031947986,13.5814705530364,38.6013623005233
751,1519.07299991142,13.5803059621345,38.6010475427118
752,1519.08601074301,13.5792305276388,38.6007644414714
753,1519.09919656884,13.5782016405884,38.6004998519712
754,1519.11244843691,13.5771895151848,38.6002443407479
755,1519.1257202677,13.5761822860075,38.5999920136746
756,1519.1390065787,13.5751785652134,38.5997421065939
757,1519.15229336122,13.5741740806718,38.599494560304
758,1519.16557216134,13.573166358413,38.5992490687569
759,1519.17886056565,13.5721604301809,38.5990065683939
760,1519.19219058723,13.5711660873637,38.598767114831
761,1519.20558315228,13.5701905916526,38.598528497856
762,1519.21901530698,13.5692278491569,38.5982882598486
763,1519.23249181088,13.5682796208535,38.5980456104973
764,1519.24603762818,13.5673531639378,38.5978015728205
765,1519.2596708942,13.5664536841159,38.5975570596399
766,1519.2734021216,13.5655842023237,38.5973125879838
767,1519.28724498532,13.5647483669022,38.5970695643447
768,1519.30119557283,13.5639448296197,38.59682837
769,1519.31525136303,13.5631720916797,38.59659089
770,1519.32938176155,13.5624204523274,38.5963579658262
771,1519.34354838028,13.5616779498738,38.59613011
772,1519.3575908858,13.560897634939,38.5959016393362
773,1519.37150070588,13.5600766201611,38.5956732409983
774,1519.38526550711,13.5592121980735,38.5954421317151
775,1519.39887065276,13.558301024824,38.5952053486989
776,1519.41231031572,13.5573433786189,38.5949575257543
777,1519.42560157159,13.5563445677252,38.5946984744662
778,1519.43876976042,13.5553114220261,38.5944306379282
779,1519.4518369852,13.5542505562872,38.5941544333147
780,1519.46479256718,13.5531586227559,38.5938700671175
781,1519.4776628321,13.5520430568362,38.5935791874015
782,1519.49052617044,13.55092586883,38.59328702
783,1519.50344324363,13.5498232123003,38.5929998931255
784,1519.51638240825,13.5487244736549,38.592720203726
785,1519.52941126047,13.5476484097948,38.5924530261421
786,1519.54259896041,13.5466139821644,38.5922041434148
787,1519.55597329769,13.5456298177014,38.5919732426749
788,1519.56953358352,13.5446972314164,38.5917563332704
789,1519.58331087232,13.5438253550937,38.59155439
790,1519.59731434257,13.5430169549388,38.591367515425
791,1519.61144228864,13.5422436196491,38.5911885666714
792,1519.62563701022,13.5414897312209,38.5910121881155
793,1519.63984779115,13.5407416672084,38.5908334016318
794,1519.65399530366,13.5399782443873,38.5906441028994
795,1519.66801599826,13.539182111175,38.5904388
796,1519.68190157911,13.5383513167703,38.5902159631397
797,1519.69565258246,13.5374859554576,38.5899757821638
798,1519.70926111349,13.536583652318,38.5897181545947
799,1519.7226684792,13.5356294169141,38.5894353197102
800,1519.7358328106,13.53461093042,38.5891259872842
801,1519.74881543413,13.5335434938118,38.5887992333654
802,1519.76166777369,13.5324399128162,38.5884627305753
803,1519.77440643291,13.5313032057391,38.5881218731119
804,1519.78692910727,13.5301027187513,38.5877749413602
805,1519.79920910779,13.5288292536208,38.58742463741
806,1519.81144058559,13.5275364301819,38.5870861318504
807,1519.82376880053,13.5262664524382,38.5867653166695
808,1519.83627983474,13.525045702238,38.5864620928089
809,1519.84913705936,13.5239207097075,38.5861854973252
810,1519.8624826012,13.5229323693936,38.585942291955
811,1519.8763458219,13.5220908054889,38.5857294721679
812,1519.89065513509,13.5213776088287,38.5855378795089
813,1519.90502950926,13.5206843401882,38.58534619
814,1519.9193900634,13.5199881794713,38.58515096
815,1519.93375861713,13.5192952262117,38.5849536964091
816,1519.94816779572,13.5186143047822,38.5847574222193
817,1519.96265017449,13.5179537180646,38.5845664789852
818,1519.97721356948,13.5173152586312,38.584382425931
819,1519.99170436618,13.5166555319144,38.5841958451518
820,1520.00605939869,13.5159565978755,38.5840031218726
821,1520.02004940496,13.5151557263936,38.5837849143892
822,1520.0336527912,13.514247867257,38.5835371827392
823,1520.04698145392,13.5132636771602,38.5832692867144
824,1520.06013673276,13.5122313558289,38.5829885610609
825,1520.07319330944,13.5111718779182,38.5826999039573
826,1520.08625091197,13.5101131032455,38.5824102336114
827,1520.09943094842,13.5090887490948,38.5821284796284
828,1520.11275548697,13.5081042451507,38.5818580801736
829,1520.12625612635,13.5071681477858,38.58160192
830,1520.13981446686,13.5062490199631,38.5813475158023
831,1520.15341470101,13.5053427642454,38.5810929385569
832,1520.16706673378,13.5044519393642,38.580839414005
833,1520.18069321126,13.5035557165903,38.5805795523049
834,1520.19428810581,13.5026521378442,38.5803136538688
835,1520.20786515138,13.5017442,38.5800448616942
836,1520.22146541928,13.5008427432871,38.5797776672387
837,1520.23511059339,13.4999527585688,38.5795163510955
838,1520.24881660416,13.4990775356576,38.57926504
839,1520.2625675695,13.49821167767,38.579025141096
840,1520.27645578805,13.4973807270983,38.5788036515959
841,1520.29053475477,13.4966000908935,38.5786030455108
842,1520.30459478638,13.4958136223812,38.5784025091632
843,1520.31864427397,13.4950243498229,38.5782008358433
844,1520.33273771025,13.4942477244917,38.5780011853675
845,1520.34691201308,13.4934945272255,38.5778048778079
846,1520.36117620035,13.4927682112905,38.5776100905831
847,1520.37548843864,13.4920576595831,38.5774124508728
848,1520.38975324875,13.4913367714684,38.5772038881897
849,1520.40397424704,13.4906060300563,38.57698603
850,1520.41796963405,13.489814616147,38.5767464530361
851,1520.43165270894,13.4889376883584,38.5764808275287
852,1520.44507256469,13.4879882640569,38.5761943693449
853,1520.4582083225,13.4869603463005,38.57588609
854,1520.4711864012,13.4858874694874,38.5755693499721
855,1520.48418115908,13.4848169512567,38.57525977
856,1520.49735088328,13.4837924054094,38.5749697980107
857,1520.51073250576,13.482823980037,38.5747023988429
858,1520.5243044757,13.4819057328253,38.5744558758825
859,1520.53807664762,13.4810403369239,38.5742311016925
860,1520.55200853725,13.4802166072042,38.5740249629308
861,1520.5661460124,13.4794472850645,38.5738407837573
862,1520.58035131954,13.4786961430954,38.57366322
863,1520.59454529039,13.4779427217688,38.5734825149543
864,1520.60875776866,13.4771960122545,38.5732990045692
865,1520.62298004383,13.4764556874093,38.5731065881377
866,1520.63724812718,13.4757321889365,38.5729067327808
867,1520.65157445007,13.4750276351412,38.5727038251474
868,1520.66599970782,13.4743523141321,38.5725034695737
869,1520.68052134526,13.4737046844445,38.5723076485166
870,1520.69510719631,13.4730750408318,38.5721160366653
871,1520.70964378422,13.4724305573568,38.5719238113321
872,1520.72405449345,13.471748878965,38.5717282245108
873,1520.73837426928,13.4710392042449,38.5715331444276
874,1520.75259578749,13.470300040193,38.5713366305734
875,1520.76672043037,13.4695325288656,38.5711368077393
876,1520.78077170079,13.4687448358818,38.5709311055301
877,1520.7947624139,13.4679410504504,38.5707190722867
878,1520.80870272188,13.4671242434571,38.5705007906356
879,1520.82261508782,13.4663010929269,38.5702767433559
880,1520.83645476073,13.4654596629359,38.570042400799
881,1520.85010446137,13.4645671556418,38.5697898606594
882,1520.86357481952,13.4636259910046,38.569521295695
883,1520.87686195425,13.4626344073175,38.5692382240937
884,1520.88994739482,13.461586226499,38.5689420615949
885,1520.90288734794,13.4604962363776,38.5686390397381
886,1520.91578931764,13.4593943649472,38.5683367599377
887,1520.9287367426,13.4583036055874,38.5680417288421
888,1520.9417971314,13.4572429471303,38.567758196108
889,1520.95499462147,13.4562191239935,38.5674878173681
890,1520.96831900665,13.4552293851315,38.5672296275481
891,1520.98177326439,13.454275177475,38.566982212067
892,1520.99540699028,13.4533708466258,38.5667476483535
893,1521.00919075001,13.4525086383937,38.5665227009612
894,1521.02305761258,13.4516708453138,38.5663002273524
895,1521.03692011322,13.450833353137,38.56607345
896,1521.05072101861,13.4499789822735,38.5658416
897,1521.06452173042,13.4491250134656,38.565608511863
898,1521.07837262359,13.448285187165,38.56537847
899,1521.09222601728,13.4474450494368,38.5651512044802
900,1521.10610416266,13.446610886912,38.5649280386501
901,1521.12005704193,13.4457972219324,38.5647108943653
902,1521.13412828617,13.4450167648521,38.564501358031
903,1521.14839048268,13.4442905279088,38.564302417095
904,1521.16289180804,13.4436330414438,38.5641145190966
905,1521.17754597601,13.4430214578934,38.56392852381
906,1521.19227591937,13.4424337615893,38.5637404808612
907,1521.20705286494,13.4418614576487,38.5635496348546
908,1521.22184373816,13.4412946732679,38.5633554024672
909,1521.23663695406,13.4407293533021,38.5631591412106
910,1521.2513971815,13.4401540467931,38.5629625976518
911,1521.2660911858,13.4395578555588,38.5627677485985
912,1521.28070314209,13.4389359860536,38.5625745031824
913,1521.29524851109,13.4382926351265,38.56238423
914,1521.30975132684,13.4376340519486,38.5621997724043
915,1521.32426161666,13.4369739346231,38.5620252370328
916,1521.33883270432,13.4363274891287,38.5618634141754
917,1521.35351591358,13.4357097985446,38.5617158154485
918,1521.36835305554,13.4351336989607,38.5615822334838
919,1521.38338640112,13.4346123203856,38.5614620566059
920,1521.39861515947,13.4341456572987,38.5613546599344
921,1521.41394699985,13.4337070624656,38.5612560433947
922,1521.42933461321,13.4332843512746,38.5611603142749
923,1521.44477173836,13.4328767326572,38.5610645416805
924,1521.46025740395,13.4324848070506,38.5609663771353
925,1521.4757782768,13.4321053689435,38.5608635614946
926,1521.49132919453,13.4317375256472,38.5607543075824
927,1521.50689894007,13.4313788966647,38.5606358876108
928,1521.52248883173,13.4310304304952,38.5605068709244
929,1521.53809652252,13.4306911299014,38.5603679920968
930,1521.55364419877,13.4303377227384,38.5602180245076
931,1521.56902098323,13.4299378556144,38.5600531121444
932,1521.58423188702,13.4294925427097,38.559874607306
933,1521.59931087373,13.4290103977628,38.5596870899566
934,1521.61429545872,13.4285010226133,38.5594953886682
935,1521.62921981547,13.4279732402014,38.5593037007191
936,1521.64409959711,13.4274313744297,38.5591132098769
937,1521.65896070784,13.4268822750509,38.5589266728439
938,1521.67382981392,13.4263333892342,38.5587458897508
939,1521.68876031589,13.42579958,38.5585745941973
940,1521.70375540845,13.4252813923166,38.5584139082471
941,1521.71874572395,13.4247594997379,38.5582590320603
942,1521.73371731386,13.4242308248076,38.5581068847935
943,1521.74868247994,13.4236990137978,38.5579577449555
944,1521.7636543091,13.4231679121155,38.5578119959707
945,1521.77864671632,13.4226416174443,38.5576700212803
946,1521.79366917253,13.4221234401065,38.5575307163755
947,1521.80868680866,13.4216048510777,38.5573885670513
948,1521.82360597122,13.4210588264614,38.5572395426564
949,1521.83843775713,13.4204884860649,38.55708434
950,1521.85320254949,13.4198999002817,38.556923345143
951,1521.86779043048,13.4192636371243,38.5567458531464
952,1521.88215171672,13.418566028502,38.5565479876909
953,1521.89636723992,13.4178292168986,38.5563363259038
954,1521.91051783823,13.4170753447975,38.5561174449123
955,1521.92468435686,13.4163265546824,38.555897921844
956,1521.93893999443,13.4156025768598,38.5556845388032
957,1521.95334982126,13.414920843568,38.5554836004307
958,1521.96790224188,13.4142786777531,38.5552928507142
959,1521.98260726353,13.4136784368074,38.5551141001111
960,1521.99745631561,13.4131172730525,38.5549479556971
961,1522.01226546137,13.41254437052,38.5547806187166
962,1522.02703860685,13.4119611088,38.5546115969689
963,1522.04180400474,13.4113755602355,38.5544423105654
964,1522.05658990985,13.41079579717,38.5542741796172
965,1522.07142457907,13.4102298919467,38.5541086242355
966,1522.08633627138,13.4096859169087,38.5539470645313
967,1522.10133936676,13.409167889012,38.5537904585145
968,1522.11645320013,13.408682296158,38.553637248269
969,1522.13173523397,13.4082470765479,38.5534863284238
970,1522.14725518523,13.4078803291472,38.5533459546844
971,1522.16298096377,13.4075707371335,38.5532201377867
972,1522.17881917651,13.4072923625408,38.5531022388538
973,1522.19472524399,13.4070327751343,38.5529892180733
974,1522.21065458481,13.4067795446794,38.5528780356328
975,1522.22656261576,13.4065202409415,38.5527656517199
976,1522.24240475183,13.4062424336859,38.552649026522
977,1522.25813640611,13.4059336926779,38.5525251202267
978,1522.27371059493,13.4055809409031,38.5523906752652
979,1522.28876799351,13.4050828559545,38.5522241989218
980,1522.302896014,13.4043228189437,38.5520017614286
981,1522.31611692092,13.4033067168787,38.55172576984
982,1522.32878928178,13.4021345527079,38.5514206125686
983,1522.34124155718,13.4008981362237,38.5511080734299
984,1522.35366457143,13.3996514838374,38.5507990194572
985,1522.36624917564,13.3984486119605,38.5505043176836
986,1522.37918624697,13.3973435370044,38.5502348351425
987,1522.39266668501,13.3963902753807,38.550001438867
988,1522.40688140565,13.3956428435007,38.5498149958903
989,1522.42201951501,13.3951548412487,38.5496860137082
990,1522.43782484447,13.3948557247322,38.5495947631776
991,1522.45310093791,13.3944114765442,38.5494611419536
992,1522.46770984424,13.3937834384122,38.54927632
993,1522.48126412566,13.3928637778826,38.5490135465808
994,1522.49399408559,13.3917158231129,38.5486908208112
995,1522.50628131211,13.3904448411081,38.5483370185782
996,1522.51850744067,13.3891560988732,38.5479810163968
997,1522.5310541602,13.3879548634134,38.5476516907821
998,1522.54430320959,13.3869464017338,38.5473779182489
999,1522.55863636404,13.3862359808394,38.5471885753123
1000,1522.5743316228,13.3859006392096,38.5471036561603
