Depth_m,SoundSpeed_mps,Temperature_degC,Salinity_PSU
1,1507.0868678837,13.9319029944838,38.1989670781893
2,1507.09988021821,13.9276,38.207
3,1507.1348574047,13.932085676452,38.2100072544643
4,1507.19254972258,13.9508213816686,38.1945845424107
5,1507.22024435924,13.9555956779822,38.191044921875
6,1507.2382727275,13.956,38.191
7,1507.2543727604,13.9558359396433,38.1908737997257
8,1507.26641278271,13.9547,38.19
9,1507.28159009366,13.9541995884774,38.19
10,1507.29612731212,13.9535,38.19
11,1507.3206268638,13.9559,38.19
12,1507.33767299539,13.95597,38.190028
13,1507.36348665595,13.9584,38.191
14,1507.38020623066,13.9583792,38.191
15,1507.39641686609,13.9582,38.191
16,1507.41330382562,13.9582312,38.191
17,1507.43095454542,13.9585,38.191
18,1507.44870400496,13.9587184,38.191208
19,1507.4737832143,13.9606,38.193
20,1507.48922892845,13.9602165289256,38.1929128474831
21,1507.49196352414,13.9562,38.192
22,1507.50909266056,13.9563063100137,38.192
23,1507.53550234798,13.9593,38.192
24,1507.55353924165,13.959590260631,38.1922524005487
25,1507.57897563102,13.9616,38.194
26,1507.654690375,13.9776,38.2
27,1507.73038264333,13.9936,38.206
28,1507.97326444484,14.0552028806584,38.2287187928669
29,1508.02268107985,14.0641,38.232
30,1508.07168877107,14.0722,38.237
31,1508.08848086313,14.0722,38.237
32,1508.1032474588,14.0715185185185,38.2371262002744
33,1508.10601330556,14.0668,38.238
34,1508.08247758537,14.0547067215364,38.2367489711934
35,1508.04286796506,14.0378,38.235
36,1508.02456854557,14.0261784636488,38.2367475994513
37,1508.03629090811,14.0245,38.237
38,1508.05308244185,14.0245,38.237
39,1507.99464670586,13.9956,38.251
40,1508.00769586601,13.9943277091907,38.2512743484225
41,1507.91906508272,13.9585,38.259
42,1507.92339756447,13.9545751714678,38.2591262002744
43,1507.85389621,13.9274,38.26
44,1507.85682267857,13.9228888888889,38.2605185185185
45,1507.83399416908,13.91,38.262
46,1507.84549945911,13.907536,38.264112
47,1507.85256045386,13.903,38.268
48,1507.92981773071,13.9177,38.2785
49,1508.00705501095,13.9324,38.289
50,1508.06598368827,13.94375,38.2935
51,1508.12490125217,13.9551,38.298
52,1508.27459254747,13.9912504,38.311376
53,1508.53572971688,14.0578,38.336
54,1508.654021637,14.0854264,38.346368
55,1509.03862945316,14.1857,38.384
56,1509.07740526809,14.1916517655898,38.386373403456
57,1509.19256630764,14.2183,38.397
58,1509.20969227955,14.2183208,38.397208
59,1509.22930526611,14.2185,38.399
60,1509.23179671434,14.2142556724267,38.3983899323817
61,1509.09863333435,14.1698,38.392
62,1509.10905007772,14.1679016,38.391748
63,1508.90411265337,14.102,38.383
64,1508.91651038382,14.1006588,38.382916
65,1508.78050139752,14.0541,38.38
66,1508.79497632079,14.0533942900075,38.3799534184823
67,1508.71441666448,14.0238,38.378
68,1508.73121153151,14.0238,38.378
69,1508.5371610247,13.960424747324,38.372139744553
70,1508.3347599342,13.8919840616621,38.3729128474831
71,1508.3391537725,13.8881,38.373
72,1508.34881746811,13.8827049586777,38.3811743050338
73,1508.36401649313,13.8815,38.383
74,1508.24553776258,13.842296,38.375872
75,1508.18878978934,13.821,38.372
76,1508.08213680894,13.7852731029301,38.3655199098422
77,1507.93645001231,13.7383,38.357
78,1507.90828100302,13.725628,38.353832
79,1507.8422685847,13.7023,38.348
80,1507.81047800753,13.6883546875,38.345265625
81,1507.80477403897,13.6819,38.344
82,1507.81731227383,13.6806414266118,38.3438628257888
83,1507.7144096667,13.6452,38.34
84,1507.72531834732,13.643,38.341
85,1507.73622664231,13.6408,38.342
86,1507.75301243223,13.6408,38.342
87,1507.81432825216,13.6526,38.347
88,1507.87892069235,13.6656359375,38.3514296875
89,1507.99893961506,13.6938,38.361
90,1508.14959534757,13.7305875,38.3728125
91,1508.19116133787,13.7374,38.375
92,1508.20989323328,13.7379075445816,38.3752400548697
93,1508.2813735294,13.7522,38.382
94,1508.2967192192,13.7507821673525,38.3845020576132
95,1508.31148982695,13.7488,38.388
96,1508.46329685006,13.785671875,38.40065625
97,1508.50507786422,13.7925,38.403
98,1508.52186963862,13.7925,38.403
99,1508.76337612582,13.8536,38.425
100,1508.78988310711,13.8559074074074,38.4268148148148
101,1508.8344263787,13.8625,38.432
102,1508.85764192734,13.8641680384088,38.4328340192044
103,1508.88341311402,13.8665,38.434
104,1508.90349723496,13.8669444444444,38.4354814814815
105,1508.92144334836,13.8671,38.436
106,1508.93104622007,13.8644925925926,38.4369657064472
107,1508.94758580436,13.8644,38.437
108,1508.96118125496,13.8635544581619,38.4366213991769
109,1508.95582020077,13.8577,38.434
110,1508.80736794957,13.8100358024691,38.4248257887517
111,1508.59279813992,13.7434,38.412
112,1508.36500134436,13.674437037037,38.394962962963
113,1508.29608290487,13.6503,38.389
114,1508.14504785995,13.6023043895748,38.3793429355281
115,1508.15587282792,13.6006,38.379
116,1508.17228480847,13.600483984375,38.379
117,1508.18068451795,13.5979,38.379
118,1508.19826773326,13.5979834019204,38.3794170096022
119,1508.21616728145,13.5981,38.38
120,1508.25326995772,13.6032111111111,38.382962962963
121,1508.27716854397,13.605,38.384
122,1508.35913119349,13.6220930041152,38.3917256515775
123,1508.37823526937,13.6227,38.392
124,1508.40203650909,13.6237,38.395
125,1508.41882699985,13.6237,38.395
126,1508.43711738722,13.6240864,38.395196
127,1508.5059627535,13.6375,38.402
128,1508.52145914477,13.63698,38.402312
129,1508.52709352949,13.6325,38.405
130,1508.54157270773,13.6317872,38.405
131,1508.54997126101,13.6292,38.405
132,1508.61022234131,13.6408925925926,38.4094074074074
133,1508.75111540363,13.6743,38.422
134,1508.7717718705,13.675356,38.422352
135,1508.79567701841,13.6773,38.423
136,1508.81224240074,13.6772296,38.423
137,1508.82861610821,13.6771,38.423
138,1508.82154404495,13.6702193415638,38.4217489711934
139,1508.80496530381,13.6606,38.42
140,1508.79926959077,13.65405,38.419
141,1508.79356980789,13.6475,38.418
142,1508.76735054009,13.6351406035665,38.4156680384088
143,1508.75336835455,13.6263,38.414
144,1508.73260283846,13.6154784,38.412056
145,1508.72898899508,13.6096,38.411
146,1508.81304993364,13.6277481481481,38.4176666666667
147,1508.85338027021,13.6341,38.42
148,1508.91975091215,13.6469576,38.426272
149,1508.95020153809,13.6505,38.428
150,1509.09511704305,13.68578,38.438976
151,1509.1471915777,13.6955,38.442
152,1509.24696061818,13.7183928,38.449056
153,1509.2866091327,13.7247,38.451
154,1509.33742914233,13.7342639368896,38.4534522915101
155,1509.36182452139,13.7364,38.454
156,1509.62610533872,13.8044512,38.475952
157,1509.71101507696,13.8232,38.482
158,1509.68966011796,13.8119888,38.480432
159,1509.69594613632,13.8089,38.48
160,1509.63144867143,13.786164,38.473728
161,1509.62584169194,13.7799,38.472
162,1509.59233737919,13.7655528,38.468864
163,1509.59527424605,13.7616,38.468
164,1509.77198364034,13.806312,38.480312
165,1509.87557354117,13.8306,38.487
166,1509.97877119329,13.853604,38.49672
167,1510.04248444633,13.8661,38.502
168,1510.08369661005,13.8727,38.5045
169,1510.12490523083,13.8793,38.507
170,1510.15233408997,13.8821864,38.508056
171,1510.18869620638,13.8875,38.51
172,1510.2509406967,13.9000928,38.513888
173,1510.43255668916,13.9458,38.528
174,1510.4646018115,13.9499704,38.529456
175,1510.61263464421,13.9859,38.542
176,1510.62898297181,13.9857572,38.542
177,1510.63091105086,13.9810818181818,38.5421164537941
178,1510.69181107173,13.9929,38.547
179,1510.70861884328,13.9929,38.547
180,1510.81533417675,14.0171028,38.55672
181,1510.83473198332,14.0178,38.557
182,1510.88364265381,14.0264016,38.560584
183,1510.9041775126,14.0274,38.561
184,1510.91842794721,14.025511419985,38.5637978963186
185,1510.93413782678,14.0247,38.565
186,1510.93308379435,14.0194727272727,38.564135987979
187,1510.9264027368,14.0126,38.563
188,1510.93530800266,14.0102558978212,38.5626994740796
189,1510.93371853801,14.0048,38.562
190,1510.95245196765,14.0052368,38.562416
191,1510.98583653196,14.009,38.566
192,1511.00823748519,14.0104976,38.566624
193,1511.07320888984,14.0234,38.572
194,1511.10698565888,14.0281,38.5735
195,1511.14076078642,14.0328,38.575
196,1511.15875372061,14.03311796875,38.57512890625
197,1511.20188822819,14.0402,38.578
198,1511.23486727237,14.04443828125,38.58005078125
199,1511.2591617068,14.0464,38.581
200,1511.27630171659,14.04646875,38.5810859375
201,1511.3004229781,14.048,38.583
202,1511.3160739157,14.046837890625,38.58505078125
203,1511.33234862017,14.0463,38.586
204,1511.3493756084,14.0463,38.5861714677641
205,1511.37223305309,14.0463,38.591
206,1511.44257615458,14.06045,38.5975
207,1511.51290138714,14.0746,38.604
208,1511.61682174446,14.0995152263374,38.6097942386831
209,1511.63672833372,14.1004,38.61
210,1511.67050779662,14.1048851851852,38.6120740740741
211,1511.73578389469,14.1177,38.618
212,1511.77689913132,14.1235518518519,38.6224444444444
213,1511.80221883431,14.1256,38.624
214,1511.81903442515,14.1256,38.624
215,1511.85048950298,14.129,38.627
216,1511.87504947714,14.130676953125,38.6288984375
217,1511.90859563018,14.1343,38.633
218,1511.94016765984,14.137590625,38.636375
219,1511.95971658617,14.1382,38.637
220,1511.98287637206,14.1394,38.639
221,1511.99969315089,14.1394,38.639
222,1512.01698742094,14.1394504801097,38.6392524005487
223,1512.03710967057,14.1398,38.641
224,1512.0566182715,14.14025,38.642
225,1512.07612699005,14.1407,38.643
226,1512.10097218565,14.14221875,38.64553125
227,1512.11927636995,14.1425,38.646
228,1512.13609408565,14.1425,38.646
229,1512.17132873347,14.1463,38.651
230,1512.18863665698,14.1463994513032,38.6511371742113
231,1512.2192494354,14.1492,38.655
232,1512.23780248106,14.1496407407407,38.6552592592593
233,1512.2595771603,14.1509,38.656
234,1512.28323060325,14.1521242798354,38.6583319615912
235,1512.30493819918,14.153,38.66
236,1512.32168921687,14.1520592,38.662352
237,1512.33848951397,14.1518,38.663
238,1512.35865190167,14.1520897119342,38.6649314128944
239,1512.37558989009,14.1521,38.665
240,1512.39283228324,14.1521651577503,38.6651714677641
241,1512.42156332416,14.154,38.67
242,1512.43941344897,14.1542376,38.670216
243,1512.45997339594,14.1551,38.671
244,1512.47880028824,14.155452,38.671704
245,1512.49931494587,14.1561,38.673
246,1512.5175749687,14.15655,38.673
247,1512.53583512491,14.157,38.673
248,1512.55640486685,14.1575925925926,38.6744814814815
249,1512.57453772317,14.1578,38.675
250,1512.59382415346,14.1578873799726,38.6767475994513
251,1512.61100113651,14.1579,38.677
252,1512.62869890976,14.157414,38.678944
253,1512.64554526763,14.1574,38.679
254,1512.66248134074,14.157414,38.679056
255,1512.68328946289,14.1579,38.681
256,1512.70057379965,14.158004,38.681104
257,1512.72138305342,14.1589,38.682
258,1512.73882680959,14.1590944,38.682
259,1512.75790631886,14.1598,38.682
260,1512.77483077679,14.1596944,38.682352
261,1512.79184147727,14.1595,38.683
262,1512.80659490895,14.1586255144033,38.6835829903978
263,1512.82193739751,14.158,38.684
264,1512.83923392258,14.1581481481481,38.684
265,1512.85622244886,14.1582,38.684
266,1512.87469736892,14.1583747599451,38.6848737997257
267,1512.89175885114,14.1584,38.685
268,1512.91027599402,14.1585792,38.685896
269,1512.9272957513,14.1586,38.686
270,1512.94411899226,14.1586,38.686
271,1512.95036674695,14.1552952,38.686
272,1512.9668854898,14.1552,38.686
273,1512.99052388284,14.1569496,38.686972
274,1512.98296809572,14.1493212,38.687
275,1512.99908369271,14.1491,38.687
276,1512.99757209229,14.1422,38.69
277,1513.01439576345,14.1422,38.69
278,1513.0548197652,14.1484,38.693
279,1513.07164383374,14.1484,38.693
280,1513.08846802858,14.1484,38.693
281,1513.11483603176,14.1506,38.695
282,1513.13166052471,14.1506,38.695
283,1513.15453714631,14.1521,38.696
284,1513.17502567056,14.1530717721193,38.6964424279448
285,1513.19489320965,14.1538923393479,38.6967752277692
286,1513.21359881809,14.1544051549145,38.6969664759964
287,1513.23076952271,14.1545,38.697
288,1513.24778314857,14.1543056,38.697648
289,1513.26471087912,14.1542,38.698
290,1513.28185652733,14.1543,38.698
291,1513.29900230587,14.1544,38.698
292,1513.3172608405,14.1545944,38.698648
293,1513.33486505784,14.1547,38.699
294,1513.35238051584,14.1546259259259,38.6997407407407
295,1513.36944800138,14.1546,38.7
296,1513.38689969072,14.1546,38.7005
297,1513.40435150041,14.1546,38.701
298,1513.4261245035,14.15595,38.7015
299,1513.44789752819,14.1573,38.702
300,1513.46475168518,14.1573021789713,38.7020162233056
301,1513.4818545645,14.1573238375967,38.7021813659152
302,1513.49917870541,14.1573616637233,38.7024819484182
303,1513.51662963472,14.1574069181611,38.7028647986356
304,1513.53411287975,14.1574508617205,38.7032767443886
305,1513.55153396842,14.1574847552117,38.7036646134981
306,1513.56879842911,14.1574998594447,38.7039752337854
307,1513.58564760836,14.1574160399073,38.7042068799492
308,1513.60186579872,14.1571437649605,38.7044162267241
309,1513.61755219941,14.1567119350863,38.7046086452946
310,1513.63280836294,14.1561503964991,38.7047889683735
311,1513.64773584527,14.1554889954135,38.7049620286734
312,1513.66243620886,14.1547575780443,38.7051326589071
313,1513.67701102482,14.1539859906058,38.7053056917874
314,1513.69156187443,14.1532040793129,38.7054859600269
315,1513.70619034972,14.1524416903799,38.7056782963385
316,1513.72099805335,14.1517286700216,38.7058875334348
317,1513.73603404471,14.1510789793378,38.7061171486382
318,1513.75105225592,14.1504178885013,38.7063616871525
319,1513.76601903339,14.149735680486,38.7066191186541
320,1513.78094968144,14.1490374938968,38.7068885287466
321,1513.79585950601,14.1483284673384,38.7071690030338
322,1513.81076381472,14.1476137394157,38.7074596271194
323,1513.82567791694,14.1468984487336,38.7077594866071
324,1513.84061712377,14.1461877338969,38.7080676671008
325,1513.85559674801,14.1454867335105,38.7083832542042
326,1513.87063210417,14.1448005861792,38.708705333521
327,1513.88573939629,14.1441345897271,38.7090332929268
328,1513.90102212046,14.1435086686568,38.7093988627042
329,1513.91649633005,14.1429236928192,38.7098126442909
330,1513.93209504279,14.1423649562903,38.7102587311577
331,1513.94775127204,14.1418177531464,38.7107212167754
332,1513.96339802708,14.1412673774635,38.7111841946145
333,1513.97896831318,14.1406991233176,38.7116317581458
334,1513.99439513143,14.140098284785,38.71204800084
335,1514.0096114784,14.1394501559417,38.7124170161678
336,1514.02455034554,14.1387400308638,38.7127228975999
337,1514.03914471833,14.1379532036274,38.7129497386069
338,1514.05331000858,14.1370599996331,38.7131059262112
339,1514.06698886804,14.1360186455413,38.7132526301287
340,1514.08023494235,14.1348450421919,38.7133920551981
341,1514.09310699499,14.1335583477344,38.7135221520341
342,1514.10566379599,14.1321777203182,38.7136408712517
343,1514.11796412359,14.1307223180928,38.7137461634656
344,1514.13006676572,14.1292112992077,38.7138359792906
345,1514.14203052101,14.1276638218125,38.7139082693416
346,1514.1539141996,14.1260990440565,38.7139609842334
347,1514.16577662361,14.1245361240894,38.7139920745808
348,1514.17767194541,14.1229929886266,38.7139989029582
349,1514.18948890523,14.1214425670564,38.7139618720631
350,1514.20115336353,14.1198635019901,38.7138764375953
351,1514.21265915371,14.1182516538946,38.7137482894239
352,1514.22400010627,14.1166028832367,38.7135831174181
353,1514.23517004871,14.1149130504835,38.7133866114469
354,1514.2461628054,14.1131780161017,38.7131644613794
355,1514.2569721974,14.1113936405583,38.7129223570848
356,1514.26759204233,14.1095557843203,38.7126659884321
357,1514.2780161542,14.1076603078545,38.7124010452905
358,1514.28823834323,14.1057030716278,38.7121332175291
359,1514.29822393517,14.103674665579,38.7118589371416
360,1514.30781551706,14.1015449468605,38.7115296711208
361,1514.31702867446,14.0993188672611,38.7111452359747
362,1514.32590966571,14.0970072735263,38.7107148532394
363,1514.33450475718,14.0946210124012,38.710247744451
364,1514.34286022416,14.0921709306312,38.7097531311457
365,1514.3510223516,14.0896678749615,38.7092402348596
366,1514.35903743467,14.0871226921375,38.7087182771288
367,1514.36695177926,14.0845462289044,38.7081964794894
368,1514.37481170242,14.0819493320076,38.7076840634776
369,1514.38266353253,14.0793428481923,38.7071902506294
370,1514.39034184381,14.0766803862511,38.7067018232351
371,1514.39713011201,14.0737680717428,38.7061434623038
372,1514.40322634672,14.0706610966668,38.7055320041409
373,1514.40892949374,14.0674420040122,38.7048947399061
374,1514.4145385969,14.0641933367684,38.7042589607595
375,1514.42035280338,14.0609976379247,38.7036519578609
376,1514.42667136276,14.0579374504702,38.7031010223704
377,1514.43379361981,14.0550953173942,38.7026334454479
378,1514.44201900101,14.0525537816861,38.7022765182533
379,1514.45164699485,14.050395386335,38.7020575319466
380,1514.4629441762,14.0486938875703,38.702
381,1514.47505428888,14.0472231216578,38.702
382,1514.48749488269,14.0458552754138,38.702
383,1514.50028027938,14.044594793304,38.702
384,1514.51342480012,14.0434461197945,38.702
385,1514.52694276514,14.0424136993511,38.702
386,1514.54084849324,14.0415019764399,38.702
387,1514.55515630135,14.0407153955267,38.702
388,1514.56988050407,14.0400584010775,38.702
389,1514.5850500723,14.0395399999335,38.702
390,1514.60061230627,14.0391437816746,38.702
391,1514.6164350652,14.0388286147252,38.702
392,1514.63238577164,14.0385532350034,38.702
393,1514.64833183941,14.0382763784273,38.702
394,1514.66414067426,14.037956780915,38.702
395,1514.67967967312,14.0375531783844,38.702
396,1514.69481622182,14.0370243067536,38.702
397,1514.70911490971,14.0362429673404,38.7019787153616
398,1514.72083963808,14.0347154142762,38.7018168125382
399,1514.7300998652,14.0324757704055,38.7015144078393
400,1514.73733148578,14.0296511071524,38.7010938326888
401,1514.74297042721,14.0263684959413,38.7005774185107
402,1514.74745270885,14.0227550081963,38.6999874967288
403,1514.751214487,14.0189377153416,38.6993463987671
404,1514.75469208541,14.0150436888015,38.6986764560495
405,1514.75832201135,14.0112,38.698
406,1514.75989600518,14.0067983513245,38.6971157580062
407,1514.75782255467,14.0013966281448,38.6958889859686
408,1514.75346379412,13.9953711763584,38.6944418080805
409,1514.74818255311,13.9890983418634,38.6928963485351
410,1514.7433425076,13.9829544705574,38.6913747315254
411,1514.74030820115,13.9773159083383,38.6899990812447
412,1514.74044493603,13.9725590011039,38.6888915218862
413,1514.7451185342,13.969060094752,38.688174177643
414,1514.75487712687,13.9669695424183,38.6878971514611
415,1514.76570813432,13.9651790475319,38.6877052318135
416,1514.77695495951,13.9635100992693,38.6875329894858
417,1514.78872649748,13.9619958811363,38.6873819933732
418,1514.80113165839,13.9606695766385,38.6872538123712
419,1514.81427936257,13.9595643692815,38.6871500153751
420,1514.82827853454,13.9587134425711,38.6870721712802
421,1514.84323809603,13.9581499800129,38.6870218489819
422,1514.85926695812,13.9579071651126,38.6870006173755
423,1514.87678253115,13.9580816679189,38.6870931630353
424,1514.89618470465,13.9587455249812,38.6874336025545
425,1514.91696641575,13.9597664913599,38.6879571750563
426,1514.93859705101,13.9610072173178,38.6885934447784
427,1514.96054602924,13.962330353118,38.6892719759579
428,1514.98228282112,13.9635985490233,38.6899223328325
429,1515.00327695108,13.9646744552968,38.6904740796394
430,1515.02299798119,13.9654207222014,38.6908567806161
431,1515.04091547726,13.9657,38.691
432,1515.05775444979,13.9657,38.691
433,1515.07459354975,13.9657,38.691
434,1515.09143277712,13.9657,38.691
435,1515.10827213189,13.9657,38.691
436,1515.12511161404,13.9657,38.691
437,1515.14195122355,13.9657,38.691
438,1515.15879096042,13.9657,38.691
439,1515.17563082462,13.9657,38.691
440,1515.19242297291,13.9656863505629,38.6909968978552
441,1515.20769246962,13.9652382652709,38.6908950602888
442,1515.22106049988,13.9642476984356,38.6906699314627
443,1515.23295988157,13.9628381709217,38.6903495843004
444,1515.24382344795,13.9611332035936,38.6899620917258
445,1515.25408408749,13.9592563173159,38.6895355266627
446,1515.26417476993,13.9573310329532,38.6890979620348
447,1515.27452855854,13.9554808713699,38.6886774707659
448,1515.28557860867,13.9538293534307,38.6883021257797
449,1515.29775815238,13.9525,38.688
450,1515.31085563258,13.9514326640785,38.6877568003977
451,1515.32430729447,13.9504666741481,38.6875356807594
452,1515.33801810411,13.9495747642953,38.6873308842323
453,1515.35189301446,13.9487296686069,38.6871366539637
454,1515.36583696693,13.9479041211692,38.6869472331008
455,1515.37975489215,13.9470708560689,38.686756864791
456,1515.39355171019,13.9462026073926,38.6865597921814
457,1515.40713232996,13.9452721092269,38.6863502584193
458,1515.42040164808,13.9442520956583,38.6861225066521
459,1515.43324342449,13.9431101173247,38.685867251818
460,1515.44552079641,13.9418112643385,38.6855650830328
461,1515.45733474449,13.940383032284,38.6852259208007
462,1515.46881683233,13.938860706496,38.6848640488598
463,1515.48009864299,13.9372795723096,38.6844937509478
464,1515.4913117815,13.9356749150597,38.6841293108025
465,1515.50258787614,13.9340820200813,38.6837850121619
466,1515.51405857855,13.9325361727094,38.6834751387638
467,1515.5258555628,13.9310726582789,38.6832139743461
468,1515.53811052314,13.9297267621248,38.6830158026465
469,1515.55068183335,13.9284588777616,38.6828694705704
470,1515.56325410863,13.927184121205,38.6827416737252
471,1515.57587454667,13.9259184888634,38.6826289062731
472,1515.58859359314,13.9246788710772,38.6825279472367
473,1515.60146170236,13.923482158187,38.6824355756385
474,1515.6145293368,13.9223452405331,38.682348570501
475,1515.62784696631,13.9212850084562,38.6822637108468
476,1515.64146506715,13.9203183522965,38.6821777756986
477,1515.65543412076,13.9194621623948,38.6820875440788
478,1515.6698027084,13.9187327572518,38.6819897476611
479,1515.68438991168,13.9180767262208,38.681877468552
480,1515.6990630565,13.9174525280974,38.6817517583228
481,1515.71383916473,13.9168630502787,38.6816187691918
482,1515.72873525875,13.916311180162,38.6814846533775
483,1515.74376836138,13.9157998051445,38.6813555630982
484,1515.75895549576,13.9153318126236,38.6812376505723
485,1515.7743136852,13.9149100899963,38.6811370680183
486,1515.78985995306,13.9145375246601,38.6810599676545
487,1515.80561132259,13.914217004012,38.6810125016992
488,1515.82158149331,13.9139502628086,38.6810011383254
489,1515.83767411285,13.9137026301912,38.6810382658254
490,1515.85383925261,13.913460333833,38.6811194940106
491,1515.87007851532,13.9132282564982,38.6812335150131
492,1515.88639350464,13.913011280951,38.6813690209648
493,1515.90278582518,13.9128142899556,38.6815147039977
494,1515.91925708236,13.912642166276,38.6816592562438
495,1515.93580888241,13.9124997926765,38.6817913698351
496,1515.95244283219,13.9123920519212,38.6818997369036
497,1515.9691605392,13.9123238267743,38.6819730495812
498,1515.98596361138,13.9123,38.682
499,1516.0028360548,13.9123080851256,38.682
500,1516.01975350638,13.9123300789289,38.682
501,1516.03670502045,13.9123625890495,38.682
502,1516.05367965102,13.9124022231269,38.682
503,1516.07066645185,13.9124455888007,38.682
504,1516.08765447642,13.9124892937106,38.682
505,1516.10463277799,13.9125299454961,38.682
506,1516.12159040954,13.9125641517968,38.682
507,1516.1385164238,13.9125885202524,38.682
508,1516.15539987322,13.9125996585024,38.682
509,1516.17166612427,13.9124366093018,38.6819558666476
510,1516.1862820544,13.9118103975121,38.6817872343422
511,1516.19945977715,13.9107802499383,38.6815109528523
512,1516.21144835187,13.909415727546,38.6811467618789
513,1516.22249684296,13.9077863913012,38.6807144011232
514,1516.23285433879,13.9059618021697,38.6802336102863
515,1516.24276996634,13.9040115211172,38.6797241290692
516,1516.25249290135,13.9020051091096,38.679205697173
517,1516.26227237403,13.9000121271127,38.6786980542989
518,1516.2723576704,13.8981021360922,38.6782209401478
519,1516.28279923078,13.8962888482381,38.6777792451199
520,1516.292629532,13.8943003343799,38.6773013996556
521,1516.30183899523,13.8921339575912,38.6767866375476
522,1516.31061436233,13.8898422188906,38.6762487959498
523,1516.31914241742,13.8874776192964,38.6757017120164
524,1516.3276099916,13.8850926598271,38.6751592229016
525,1516.33620396511,13.8827398415011,38.6746351657595
526,1516.34511126698,13.880471665337,38.6741433777441
527,1516.35451887226,13.8783406323531,38.6736976960097
528,1516.36461379658,13.876399243568,38.6733119577103
529,1516.37558308837,13.8747,38.673
530,1516.3874616703,13.873256156761,38.6727554070388
531,1516.4000355294,13.8720104291835,38.6725549768118
532,1516.41311829994,13.8709095086171,38.6723873672108
533,1516.42652358343,13.8699000864112,38.6722412361277
534,1516.44006495436,13.8689288539153,38.6721052414543
535,1516.45355596329,13.8679425024791,38.6719680410825
536,1516.46681013749,13.866887723452,38.6718182929041
537,1516.47964097889,13.8657112081835,38.671644654811
538,1516.49186195954,13.8643596480232,38.671435784695
539,1516.50328651448,13.8627797343205,38.6711803404481
540,1516.51350138914,13.860857006913,38.6708438194375
541,1516.52051689932,13.8580537141182,38.6702255050178
542,1516.52448074278,13.8544126378546,38.6693334807221
543,1516.5261045095,13.8501290667812,38.6682325074435
544,1516.52609997036,13.8453982895571,38.6669873460753
545,1516.52517917533,13.8404155948415,38.6656627575105
546,1516.52405451643,13.8353762712935,38.6643235026423
547,1516.52343875556,13.8304756075721,38.6630343423639
548,1516.52404501709,13.8259088923364,38.6618600375685
549,1516.52658674522,13.8218714142457,38.6608653491492
550,1516.53177762612,13.8185584619589,38.6601150379991
551,1516.5393678764,13.8159019111692,38.6595851380447
552,1516.54766152489,13.8134387200206,38.6591176739538
553,1516.55653518459,13.8111360947302,38.6586987649917
554,1516.56592045477,13.8089762845629,38.6583195852807
555,1516.5757489132,13.8069415387837,38.657971308943
556,1516.58595211824,13.8050141066575,38.6576451101009
557,1516.59646161086,13.8031762374492,38.6573321628767
558,1516.60720891619,13.8014101804237,38.6570236413925
559,1516.61812554488,13.7996981848459,38.6567107197708
560,1516.62914299409,13.7980224999808,38.6563845721337
561,1516.64019274824,13.7963653750933,38.6560363726034
562,1516.65126118875,13.794722888023,38.6556653820547
563,1516.66241394187,13.793111086006,38.6552825003453
564,1516.67367303539,13.7915350425793,38.6548921844693
565,1516.6850599723,13.789999698376,38.6544988135925
566,1516.69659625838,13.788509994029,38.6541067668809
567,1516.70830340206,13.7870708701713,38.6537204235004
568,1516.72020291416,13.7856872674358,38.6533441626169
569,1516.73231630767,13.7843641264556,38.6529823633964
570,1516.74466509743,13.7831063878637,38.6526394050048
571,1516.75727079986,13.7819189922929,38.652319666608
572,1516.77015493263,13.7808068803763,38.6520275273719
573,1516.78308482659,13.7797053782377,38.6517445017104
574,1516.79580481286,13.7785448363601,38.6514466363413
575,1516.80848778502,13.7773738437612,38.6511462858823
576,1516.82131005728,13.7762419232003,38.6508561010178
577,1516.83444796778,13.7751985974371,38.6505887324321
578,1516.84807787571,13.774293389231,38.6503568308096
579,1516.86237615618,13.7735758213415,38.6501730468348
580,1516.87751919286,13.7730954165282,38.6500500311919
581,1516.89368336832,13.7729016975506,38.6500004345654
582,1516.91053154352,13.7729,38.65
583,1516.92738589323,13.7729,38.65
584,1516.94424037172,13.7729,38.65
585,1516.961094979,13.7729,38.65
586,1516.97794971504,13.7729,38.65
587,1516.99480457981,13.7729,38.65
588,1517.01165957332,13.7729,38.65
589,1517.02851469553,13.7729,38.65
590,1517.04497146401,13.7727904513775,38.6499653152089
591,1517.05998758362,13.7722844140427,38.6498062727593
592,1517.07371988764,13.7714241947156,38.6495386741709
593,1517.08640188912,13.7702731719709,38.6491850292874
594,1517.09826710558,13.7688947243827,38.6487678479523
595,1517.10954907422,13.7673522305256,38.6483096400089
596,1517.1204813633,13.7657090689739,38.6478329153009
597,1517.13129757986,13.764028618302,38.6473601836718
598,1517.14217828569,13.762359118902,38.6469107544975
599,1517.15168247223,13.7602876107577,38.6464031275977
600,1517.15948183093,13.7577216968408,38.6458145809994
601,1517.16613185432,13.7548215116762,38.6451743137204
602,1517.17218817313,13.7517471897883,38.6445115247786
603,1517.17820659282,13.7486588657019,38.6438554131918
604,1517.18474310707,13.7457166739417,38.643235177978
605,1517.19235388811,13.7430807490321,38.6426800181551
606,1517.20159525394,13.740911225498,38.6422191327409
607,1517.21288555856,13.7393283256939,38.6418748830023
608,1517.22526249756,13.7380538705463,38.6415993314076
609,1517.23827624988,13.7369592785318,38.6413663304704
610,1517.25174318138,13.735993073893,38.6411625669058
611,1517.26547963005,13.7351037808721,38.6409747274288
612,1517.27930191088,13.7342399237115,38.6407894987546
613,1517.29302631821,13.7333500266536,38.6405935675984
614,1517.30646912575,13.7323826139408,38.6403736206753
615,1517.31944658411,13.7312862098154,38.6401163447003
616,1517.33175446414,13.7300056013326,38.639801779569
617,1517.34329311492,13.7285198852988,38.6394045831024
618,1517.35425343062,13.7268807177521,38.638943383973
619,1517.36484593893,13.7251442867376,38.6384407210529
620,1517.37528120363,13.7233667803002,38.6379191332142
621,1517.38576982831,13.7216043864851,38.637401159329
622,1517.396522457,13.7199132933372,38.6369093382694
623,1517.40774977192,13.7183496889015,38.6364662089074
624,1517.41966248828,13.7169697612231,38.6360943101152
625,1517.43234199119,13.7157959450061,38.6358003996046
626,1517.44547253295,13.7147457731838,38.6355461016667
627,1517.45893100728,13.713785718531,38.6353200108467
628,1517.47261333,13.7128871816031,38.6351131474921
629,1517.48641540402,13.7120215629559,38.6349165319505
630,1517.50023312058,13.7111602631448,38.6347211845697
631,1517.51396235979,13.7102746827255,38.6345181256971
632,1517.52749899033,13.7093362222536,38.6342983756806
633,1517.54073886847,13.7083162822846,38.6340529548676
634,1517.55363313974,13.7072020393216,38.6337761304926
635,1517.56627265028,13.7060193988733,38.6334732849927
636,1517.5787056005,13.7047811560368,38.6331497421698
637,1517.59097773908,13.7034993911105,38.6328107175298
638,1517.60313482064,13.7021861843932,38.6324614265785
639,1517.61522260615,13.7008536161833,38.6321070848218
640,1517.6272868632,13.6995137667795,38.6317529077655
641,1517.63937336619,13.6981787164804,38.6314041109155
642,1517.65152789629,13.6968605455845,38.6310659097776
643,1517.66382568186,13.6955804209913,38.630743454197
644,1517.6763024296,13.6943496960692,38.6304357876326
645,1517.68887551445,13.6931452074418,38.630137017084
646,1517.70145958458,13.6919429834742,38.629841179128
647,1517.71396927587,13.6907190525311,38.6295423103417
648,1517.72631921168,13.6894494429775,38.6292344473022
649,1517.73842400215,13.6881101831782,38.6289116265864
650,1517.75019824294,13.6866773014982,38.6285678847713
651,1517.76155651342,13.6851268263024,38.6281972584341
652,1517.77229179392,13.6833996820521,38.6277878095105
653,1517.78175382626,13.6813083516936,38.6273070857488
654,1517.7901564449,13.6789140701362,38.6267670665762
655,1517.79785342627,13.6763184070818,38.6261867459523
656,1517.80519863408,13.6736229322323,38.6255851178363
657,1517.81254603317,13.6709292152896,38.6249811761879
658,1517.82024969404,13.6683388259554,38.6243939149664
659,1517.82866378801,13.6659533339318,38.6238423281312
660,1517.83814257312,13.6638743089205,38.6233454096418
661,1517.84901849546,13.6621970294262,38.6229210245246
662,1517.86081271483,13.660783483953,38.6225450900697
663,1517.87311525116,13.6595155773145,38.6221968669769
664,1517.88581663406,13.6583616638398,38.621871091372
665,1517.89880737326,13.6572900978581,38.6215624993808
666,1517.91197796148,13.6562692336987,38.6212658271291
667,1517.92521887626,13.6552674256909,38.6209758107426
668,1517.93842058106,13.6542530281638,38.6206871863472
669,1517.95147352528,13.6531943954468,38.6203946900686
670,1517.96426814352,13.652059881869,38.6200930580327
671,1517.97676735415,13.6508384377177,38.6197814095112
672,1517.98913554297,13.649576757651,38.6194697155485
673,1518.00140706094,13.6482851262066,38.6191586967468
674,1518.01360493546,13.646970625914,38.6188483475152
675,1518.0257521976,13.6456403393027,38.6185386622626
676,1518.03787188227,13.6443013489023,38.618229635398
677,1518.04998702825,13.6429607372422,38.6179212613305
678,1518.06212067826,13.6416255868522,38.617613534469
679,1518.0742958789,13.6403029802616,38.6173064492225
680,1518.08653568062,13.639,38.617
681,1518.09841681927,13.6375970889825,38.6166669447995
682,1518.10968260361,13.6360211733472,38.6162922860374
683,1518.12060597707,13.634349060458,38.6158943847503
684,1518.13145993082,13.632657557679,38.6154916019747
685,1518.14251750785,13.6310234723743,38.6151022987471
686,1518.15405180162,13.6295236119079,38.6147448361041
687,1518.16633594933,13.6282347836438,38.6144375750822
688,1518.1796431198,13.627233794946,38.6141988767179
689,1518.19424649594,13.6265974531787,38.6140471020478
690,1518.21041013098,13.6264,38.614
691,1518.22727581845,13.6264,38.614
692,1518.24414163581,13.6264,38.614
693,1518.26100758303,13.6264,38.614
694,1518.27787366011,13.6264,38.614
695,1518.29473986702,13.6264,38.614
696,1518.31160620374,13.6264,38.614
697,1518.32847267026,13.6264,38.614
698,1518.34533926657,13.6264,38.614
699,1518.36220599264,13.6264,38.614
700,1518.378986255,13.6263757384421,38.6139939395957
701,1518.39299763415,13.6255757248333,38.6137939543206
702,1518.40350653768,13.6237946876582,38.6133482240709
703,1518.41124258185,13.6212373807345,38.6127072858218
704,1518.41693538993,13.6181085578801,38.6119216765482
705,1518.42131471839,13.6146129729126,38.6110419332253
706,1518.42511054487,13.6109553796498,38.6101185928283
707,1518.42905311776,13.6073405319094,38.6092021923321
708,1518.43387296746,13.6039731835091,38.608343268712
709,1518.44030087928,13.6010580882668,38.6075923589429
710,1518.44906782787,13.5988,38.607
711,1518.45950633143,13.5970123003074,38.6065185249208
712,1518.47041646414,13.5953587324032,38.6060647310414
713,1518.48173060459,13.5938195925292,38.6056358517847
714,1518.49338111491,13.5923751769269,38.6052291205735
715,1518.5053003427,13.5910057818378,38.6048417708309
716,1518.51742062254,13.5896917035035,38.6044710359796
717,1518.5296742771,13.5884132381656,38.6041141494426
718,1518.54199361805,13.5871506820657,38.6037683446428
719,1518.55431094646,13.5858843314453,38.6034308550032
720,1518.56655855297,13.5845944825461,38.6030989139466
721,1518.5785494268,13.5832282360756,38.6027609298736
722,1518.59000932254,13.5817094342402,38.6023962391067
723,1518.6011332458,13.5800935545259,38.602016154407
724,1518.61214248411,13.5784434092992,38.6016338485484
725,1518.62325836594,13.5768218109269,38.6012624943047
726,1518.63470226078,13.5752915717757,38.6009152644499
727,1518.64669557569,13.5739155042121,38.6006053317577
728,1518.65945974826,13.572756420603,38.6003458690021
729,1518.67321623599,13.571877133315,38.6001500489569
730,1518.68818650201,13.5713404547147,38.600031044396
731,1518.7046219765,13.5712175162078,38.6000042984559
732,1518.7235355138,13.5717900314869,38.6001447930029
733,1518.74489157062,13.5730468616348,38.6004532175791
734,1518.76808691318,13.5748190400173,38.6008881079797
735,1518.79251831489,13.5769376,38.601408
736,1518.81758262301,13.5792335749487,38.6019714294353
737,1518.84267679926,13.5815379982291,38.6025369320808
738,1518.86719793417,13.583681903207,38.6030630437318
739,1518.89054323536,13.585496323248,38.6035083001836
740,1518.91210998971,13.586812291718,38.6038312372314
741,1518.93129549928,13.5874608419825,38.6039903906706
742,1518.94711646126,13.5871716877132,38.6039042406703
743,1518.95856292773,13.5856750876326,38.6034687731627
744,1518.96638463917,13.5831778314764,38.6027446341098
745,1518.97142280107,13.5799113242954,38.6018014936445
746,1518.97451871116,13.5761069711405,38.6007090218996
747,1518.97651389898,13.5719961770624,38.5995368890081
748,1518.97825021605,13.5678103471119,38.5983547651028
749,1518.98056987645,13.5637808863399,38.5972323203166
750,1518.98431544794,13.5601391997971,38.5962392247824
751,1518.99032979348,13.5571166925344,38.5954451486331
752,1518.9993932357,13.5549276035845,38.5949144106661
753,1519.01005225246,13.5531748017685,38.5945209588491
754,1519.02130277782,13.5515840435381,38.5941776429155
755,1519.033043644,13.5501281604621,38.5938744325874
756,1519.04517366114,13.5487799841088,38.593601297587
757,1519.05759162042,13.5475123460468,38.5933482076362
758,1519.07019629641,13.5462980778447,38.5931051324573
759,1519.08288644879,13.5451100110709,38.5928620417723
760,1519.09556082329,13.543920977294,38.5926089053032
761,1519.10811815204,13.5427038080825,38.5923356927722
762,1519.12045715317,13.541431335005,38.5920323739015
763,1519.13248301352,13.5400798613555,38.5916850453827
764,1519.14423003729,13.538660421036,38.5912923569784
765,1519.1558063515,13.5372008849023,38.5908679951867
766,1519.16732036869,13.5357291727633,38.5904257339947
767,1519.17888051826,13.5342732044278,38.5899793473895
768,1519.19059524641,13.5328608997045,38.589542609358
769,1519.20257301538,13.5315201784024,38.5891292938875
770,1519.21492230193,13.5302789603302,38.588753174965
771,1519.22775159509,13.5291651652967,38.5884280265775
772,1519.24116939313,13.5282067131107,38.5881676227121
773,1519.25528175644,13.5274309011316,38.5879854099624
774,1519.269877693,13.526784059953,38.5878528714701
775,1519.28473405723,13.5262087757056,38.5877415704802
776,1519.29980474014,13.5256926037312,38.5876471400911
777,1519.31504362855,13.5252230993714,38.5875652134011
778,1519.33040460567,13.5247878179678,38.5874914235086
779,1519.34584155156,13.5243743148621,38.5874214035121
780,1519.36130834347,13.5239701453958,38.5873507865098
781,1519.37675885601,13.5235628649107,38.5872752056003
782,1519.3921469612,13.5231400287483,38.5871902938818
783,1519.40742652834,13.5226891922504,38.5870916844527
784,1519.42255498426,13.5221990144516,38.5869749741738
785,1519.43761361137,13.5216957917752,38.5868364703439
786,1519.45265017228,13.5211933712605,38.5866781869776
787,1519.46765987058,13.520688971616,38.586503549023
788,1519.48263790912,13.5201798115499,38.5863159814283
789,1519.49757949001,13.5196631097707,38.5861189091416
790,1519.51247981459,13.5191360849868,38.585915757111
791,1519.52733408342,13.5185959559065,38.5857099502848
792,1519.54213749628,13.5180399412382,38.5855049136109
793,1519.55688525208,13.5174652596902,38.5853040720376
794,1519.57157254887,13.516869129971,38.585110850513
795,1519.58619309851,13.5162484950393,38.5849282076737
796,1519.60073159811,13.5155996849764,38.5847535056958
797,1519.61518922415,13.5149240807102,38.5845840863643
798,1519.62957109053,13.5142239888813,38.5844180193484
799,1519.64388231173,13.5135017161303,38.5842533743173
800,1519.65812800284,13.5127595690977,38.58408822094
801,1519.67231327963,13.5119998544242,38.5839206288858
802,1519.68644325855,13.5112248787503,38.5837486678237
803,1519.7005230568,13.5104369487166,38.583570407423
804,1519.71455779229,13.5096383709637,38.5833839173528
805,1519.72855258376,13.5088314521322,38.5831872672823
806,1519.74251085865,13.5080180341097,38.5829783888648
807,1519.75625381666,13.5071495902077,38.5827411801584
808,1519.76971705103,13.5062079713404,38.5824716000939
809,1519.78298375833,13.5052153561254,38.5821782021961
810,1519.79613714358,13.5041939231804,38.58186953999
811,1519.80926042104,13.5031658511228,38.5815541670002
812,1519.82243681468,13.5021533185703,38.5812406367519
813,1519.83574955799,13.5011785041406,38.5809375027697
814,1519.84928189348,13.500263586451,38.5806533185785
815,1519.86311707169,13.4994307441194,38.5803966377033
816,1519.87733834963,13.4987021557632,38.5801760136688
817,1519.89202898894,13.4981,38.58
818,1519.9071434804,13.4976128759804,38.5798620062851
819,1519.92253140367,13.4972009697375,38.5797458672462
820,1519.93811865136,13.4968438402128,38.5796457741088
821,1519.95383111108,13.4965210463478,38.5795559180986
822,1519.96959466636,13.4962121470841,38.5794704904411
823,1519.98533519709,13.4958967013631,38.579383682362
824,1520.00097857959,13.4955542681264,38.5792896850868
825,1520.01645068627,13.4951644063154,38.579182689841
826,1520.031677385,13.4947066748717,38.5790568878503
827,1520.04653981262,13.4941477688251,38.5789043503952
828,1520.06086485032,13.4934381816665,38.5787161442312
829,1520.07475214577,13.492606093323,38.5784982725348
830,1520.08832653834,13.4916868897356,38.5782580301091
831,1520.10171287864,13.4907159568456,38.5780027117571
832,1520.11503603072,13.489728680594,38.5777396122819
833,1520.12842087323,13.488760446922,38.5774760264864
834,1520.14199229934,13.4878466417707,38.5772192491738
835,1520.15587402518,13.4870223265849,38.5769764722101
836,1520.17001571641,13.4862745371789,38.5767413493584
837,1520.18429667983,13.4855692272309,38.5765064273145
838,1520.19866935796,13.4848919005244,38.5762715902278
839,1520.21308618852,13.4842280608431,38.5760367222476
840,1520.22749960473,13.4835632119709,38.5758017075232
841,1520.24186203537,13.4828828576913,38.5755664302039
842,1520.25612590469,13.4821725017881,38.575330774439
843,1520.27024363211,13.4814176480449,38.5750946243779
844,1520.28415054904,13.4805987200494,38.5748574961362
845,1520.29778401865,13.4796970340814,38.5746182023892
846,1520.31121474676,13.4787339277946,38.5743774710105
847,1520.32452448913,13.4777340403166,38.5741362210414
848,1520.33779501133,13.4767220107752,38.5738953715232
849,1520.3511080893,13.4757224782982,38.5736558414969
850,1520.36454550933,13.4747600820132,38.5734185500039
851,1520.37818906751,13.4738594610481,38.5731844160854
852,1520.39210612407,13.4730412101195,38.5729533939822
853,1520.40591842183,13.4722002605,38.5726980105597
854,1520.41953846695,13.4713105277556,38.5724165757231
855,1520.43311727217,13.4704123081178,38.5721243678475
856,1520.44680586561,13.4695458978182,38.5718366653081
857,1520.46075529037,13.4687515930886,38.5715687464801
858,1520.47511660257,13.4680696901605,38.5713358897387
859,1520.49004086789,13.4675404852655,38.5711533734589
860,1520.50567915653,13.4672042746353,38.571036476016
861,1520.52217750693,13.4671,38.571
862,1520.53906300503,13.4671,38.571
863,1520.55594863319,13.4671,38.571
864,1520.5728343914,13.4671,38.571
865,1520.58972027964,13.4671,38.571
866,1520.60660629789,13.4671,38.571
867,1520.62349244614,13.4671,38.571
868,1520.64037872435,13.4671,38.571
869,1520.65726513253,13.4671,38.571
870,1520.67414822223,13.4670990200514,38.5709998079434
871,1520.69063961216,13.4669867418258,38.5709776660417
872,1520.70653946614,13.4667065894627,38.5709218990002
873,1520.72193967151,13.4662849213117,38.570836993856
874,1520.73693211493,13.4657480957226,38.5707274376462
875,1520.75160868547,13.4651224710447,38.5705977174079
876,1520.76606127701,13.4644344056278,38.5704523201782
877,1520.78038179007,13.4637102578213,38.570295732994
878,1520.79466213301,13.4629763859749,38.5701324428926
879,1520.80898131395,13.4622557135538,38.5699656095686
880,1520.8229996828,13.4614589971011,38.5697573451627
881,1520.83658182178,13.4605492595107,38.5694962123484
882,1520.84979636906,13.4595434815522,38.5691926456799
883,1520.86271196712,13.4584586439956,38.5688570797117
884,1520.87539726412,13.4573117276106,38.5684999489979
885,1520.88792091511,13.4561197131669,38.5681316880929
886,1520.90035158287,13.4548995814344,38.5677627315509
887,1520.91275793848,13.453668313183,38.5674035139263
888,1520.92520866165,13.4524428891823,38.5670644697732
889,1520.93744665403,13.4511489629674,38.566734740857
890,1520.94897490909,13.4496475230544,38.5663810619998
891,1520.96003720162,13.4480093873852,38.5660129354767
892,1520.97089902212,13.4463114814854,38.5656411970373
893,1520.98182591058,13.444630730881,38.5652766824307
894,1520.99308345782,13.4430440610974,38.5649302274063
895,1521.00493730163,13.4416283976606,38.5646126677133
896,1521.01765311755,13.4404606660962,38.5643348391012
897,1521.03149660427,13.4396177919299,38.5641075773191
898,1521.04663214123,13.4391470161662,38.5639384740279
899,1521.06228051391,13.4388199073581,38.5638029140637
900,1521.07816960291,13.4385580437952,38.5636887711958
901,1521.09423548466,13.4383441413619,38.5635902186407
902,1521.11041423249,13.4381609159423,38.5635014296148
903,1521.1266419173,13.4379910834208,38.5634165773346
904,1521.14285460788,13.4378173596816,38.5633298350165
905,1521.15898837104,13.4376224606088,38.5632353758771
906,1521.17497927136,13.4373891020869,38.5631273731328
907,1521.19076337074,13.4371,38.563
908,1521.20626408332,13.4367356941174,38.5628430279543
909,1521.22148507185,13.4362977365477,38.5626553291015
910,1521.2364827698,13.4358003616842,38.5624447276032
911,1521.25131361279,13.4352578039202,38.5622190476212
912,1521.2660340393,13.4346842976487,38.5619861133174
913,1521.28070049119,13.4340940772632,38.5617537488535
914,1521.29536941399,13.4335013771568,38.5615297783912
915,1521.31009725704,13.4329204317228,38.5613220260923
916,1521.32494047342,13.4323654753544,38.5611383161186
917,1521.33995455367,13.4318504826823,38.5609863811065
918,1521.35507029822,13.4313564179988,38.5608607773447
919,1521.37021585282,13.4308652451571,38.5607513300699
920,1521.38538979339,13.4303782161568,38.5606536260211
921,1521.40059069614,13.4298965829973,38.5605632519373
922,1521.41581713764,13.429421597678,38.5604757945575
923,1521.43106769479,13.4289545121984,38.5603868406207
924,1521.44634094481,13.428496578558,38.560291976866
925,1521.46163546522,13.4280490487563,38.5601867900322
926,1521.47694983386,13.4276131747927,38.5600668668584
927,1521.49229474815,13.42719427439,38.5599268297709
928,1521.50772883767,13.4268127728552,38.5597600308706
929,1521.52323043416,13.4264606452732,38.559570167972
930,1521.53876434029,13.4261252208905,38.5593622977844
931,1521.55429535621,13.425793828954,38.5591414770169
932,1521.56978827969,13.4254537987102,38.5589127623789
933,1521.58520790607,13.425092459406,38.5586812105795
934,1521.60051902806,13.4246971402879,38.5584518783282
935,1521.6156864355,13.4242551706028,38.558229822334
936,1521.63067491492,13.4237538795972,38.5580200993063
937,1521.64530327885,13.4231385808602,38.5578211994979
938,1521.65941029768,13.422363112435,38.557625248392
939,1521.67310270927,13.421460274768,38.5574316376939
940,1521.68648930122,13.4204634637955,38.5572398308542
941,1521.69967887192,13.4194060754539,38.5570492913234
942,1521.71278023286,13.4183215056792,38.5568594825522
943,1521.7259022099,13.4172431504077,38.5566698679911
944,1521.73915364354,13.4162044055757,38.5564799110907
945,1521.75264338829,13.4152386671195,38.5562890753017
946,1521.76648031096,13.4143793309751,38.5560968240745
947,1521.78067722288,13.4136321696992,38.555898248569
948,1521.79476344977,13.4128621671429,38.5556710611846
949,1521.80874372491,13.4120682679122,38.5554218088547
950,1521.82271850354,13.4112767431258,38.5551619088804
951,1521.83678824983,13.4105138639021,38.5549027785632
952,1521.8510534365,13.4098059013596,38.5546558352042
953,1521.86561454376,13.4091791266168,38.5544324961048
954,1521.88057205771,13.4086598107922,38.5542441785663
955,1521.8960264679,13.4082742250043,38.5541022998899
956,1521.9120782644,13.4080486403716,38.554018277377
957,1521.92880014587,13.4080022034664,38.554
958,1521.94581698473,13.408038671875,38.554
959,1521.96295677558,13.4081125848103,38.554
960,1521.98018802643,13.4082143411115,38.554
961,1521.99747924491,13.4083343396179,38.554
962,1522.01479893836,13.408462979169,38.554
963,1522.03211561399,13.4085906586041,38.554
964,1522.04939777895,13.4087077767623,38.554
965,1522.0666139402,13.4088047324832,38.554
966,1522.08373260444,13.408871924606,38.554
967,1522.10072227791,13.40889975197,38.554
968,1522.11745577153,13.4088593999303,38.5539739131476
969,1522.13380956018,13.4087256024433,38.5538892858068
970,1522.14982957765,13.4085089719857,38.5537550039799
971,1522.16556306941,13.4082203923792,38.5535802911013
972,1522.18105728085,13.4078707474457,38.5533743706055
973,1522.19635945797,13.407470921007,38.553146465927
974,1522.21151684799,13.407031796885,38.5529058005002
975,1522.22657669984,13.4065642589014,38.5526615977596
976,1522.24158626448,13.4060791908782,38.5524230811398
977,1522.25659279516,13.4055874766371,38.5521994740751
978,1522.27164354754,13.4051,38.552
979,1522.28649645903,13.4045484241097,38.5518103891421
980,1522.30093742418,13.403874476291,38.5516123447561
981,1522.31505563891,13.4031041366387,38.5514090498169
982,1522.32894030473,13.4022633852475,38.5512036872995
983,1522.34268063073,13.4013782022121,38.5509994401789
984,1522.35636583483,13.4004745676272,38.5507994914302
985,1522.37008514455,13.3995784615876,38.5506070240283
986,1522.38392779709,13.3987158641879,38.5504252209483
987,1522.39798303886,13.397912755523,38.5502572651652
988,1522.41234012433,13.3971951156875,38.550106339654
989,1522.4270763228,13.3965854899232,38.5499750525126
990,1522.44187829579,13.3959944037072,38.5498476411678
991,1522.45661783114,13.3953850461867,38.5497181850919
992,1522.47135552758,13.3947746288373,38.5495899730778
993,1522.48615198841,13.3941803631347,38.5494662939188
994,1522.50106782144,13.3936194605547,38.5493504364079
995,1522.51616363859,13.3931091325729,38.5492456893382
996,1522.53150005519,13.392666590665,38.5491553415029
997,1522.54713768906,13.3923090463067,38.549082681695
998,1522.56313715932,13.3920537109738,38.5490309987076
999,1522.57955908492,13.3919177961419,38.5490035813339
1000,1522.59639866373,13.3919,38.549
