pressure,temperature_mean,salinity_mean
0,14.245191250000001,37.916287499999996
1,14.249119153453499,37.9171348137336
2,14.250761914693992,37.91660247866132
3,14.253708476138732,37.91336559728301
4,14.25591619811009,37.911853202766636
5,14.254141290276822,37.91424264979647
6,14.250340897175539,37.91571134416378
7,14.249436419564399,37.91697275216478
8,14.245817598079206,37.920350781249994
9,14.246216252374875,37.92961852775259
10,14.245124457234985,37.931839421666034
11,14.24805855,37.940124999999995
12,14.24747955450463,37.94495123905549
13,14.244137499999999,37.951375
14,14.230433307524343,37.96075723233792
15,14.223325,37.966499999999996
16,14.220654645267818,37.98206325261488
17,14.2180625,37.985125
18,14.22563745476344,37.99416807471956
19,14.230406078706476,38.00061024305555
20,14.233482189092095,38.01344089950501
21,14.2299125,38.01925000000001
22,14.229482247251372,38.02054196706235
23,14.21629976462362,38.028830218965055
24,14.211792643829616,38.0307133900623
25,14.216275,38.039875
26,14.207750744018853,38.04559842984733
27,14.210620172802404,38.05400563486101
28,14.21444494600596,38.06090310550929
29,14.213803317901235,38.06275000000001
30,14.211422759478133,38.06589506416595
31,14.20785,38.069375
32,14.20564814914937,38.071759489055886
33,14.208450000000003,38.075375
34,14.205389273767537,38.07643851464186
35,14.201673380419368,38.08234374149326
36,14.197186644631387,38.08564220963674
37,14.188137499999998,38.08749999999999
38,14.185899571617536,38.09085487825289
39,14.1712125,38.096875000000004
40,14.173861416432532,38.09962527477814
41,14.162175000000001,38.1035
42,14.15933697009451,38.105427295035845
43,14.15667392939815,38.10914467592592
44,14.158084788571262,38.11460055701174
45,14.1591375,38.1175
46,14.158609190574646,38.124643696380886
47,14.157425000000002,38.127375
48,14.15538188225918,38.13465784382855
49,14.1570125,38.141
50,14.15073299819143,38.147045393643154
51,14.149725,38.1515
52,14.15263816021498,38.15606342120674
53,14.15115,38.167625
54,14.15195183692396,38.171716443470096
55,14.150624999999998,38.185500000000005
56,14.14490845069678,38.193819783853215
57,14.149750000000001,38.198874999999994
58,14.149679532827053,38.20011559112182
59,14.1423625,38.20675
60,14.139368294526324,38.20835567021885
61,14.127259025169048,38.21025291134485
62,14.124604856017738,38.21261866131155
63,14.1129125,38.212999999999994
64,14.11256124106885,38.214361609733686
65,14.0979125,38.217999999999996
66,14.097062794696352,38.21990926032669
67,14.0975625,38.225
68,14.10270529017135,38.22897507019462
69,14.09666696473834,38.23153400582609
70,14.080586590030022,38.23329168342758
71,14.080717542743741,38.23662589049461
72,14.085162057694207,38.24240093551668
73,14.085412499999999,38.245000000000005
74,14.083865722258613,38.24813992015501
75,14.08255648148148,38.25115740740741
76,14.082320237769624,38.25285519726909
77,14.084274999999998,38.258375
78,14.081163259533138,38.25879355050096
79,14.08585,38.26575
80,14.083197288560592,38.26701535723884
81,14.07963921489699,38.27098253193088
82,14.068873171938677,38.27147371107189
83,14.071025,38.275
84,14.06660663812265,38.277159947966105
85,14.068362499999997,38.280625
86,14.072730666942768,38.28479335766501
87,14.081275,38.290875
88,14.087182104751964,38.29359633083978
89,14.0988,38.299
90,14.101336542216805,38.30140154959865
91,14.111237499999998,38.306250000000006
92,14.1116561175427,38.307561333474894
93,14.116625,38.312625000000004
94,14.12025981694441,38.315458582961675
95,14.120534574160862,38.31886626596543
96,14.123868447860092,38.32113566123319
97,14.125662499999997,38.323375
98,14.12338220999465,38.3240452249657
99,14.130362499999999,38.328374999999994
100,14.125082219847707,38.32945852779702
101,14.126612499999998,38.33225
102,14.116359376705985,38.33292763748367
103,14.118235734953704,38.33452213541667
104,14.109355465136577,38.33654170178919
105,14.116625,38.339999999999996
106,14.11444422118687,38.34347198895456
107,14.1146,38.34625
108,14.106731175579782,38.348296424649945
109,14.108439539930556,38.352022049142036
110,14.099792364452053,38.35267060884447
111,14.08856545138889,38.35301967592593
112,14.078669603425238,38.35378916562521
113,14.074737500000001,38.354375
114,14.072125198884674,38.35630912990119
115,14.0687625,38.357125
116,14.071994302161157,38.35991143436184
117,14.066637499999999,38.360375000000005
118,14.063741216584047,38.36084397861422
119,14.056512499999998,38.360375
120,14.048772158281894,38.36079735288065
121,14.0465,38.362125
122,14.04341825338632,38.36277293863505
123,14.0420375,38.363625
124,14.037645181408891,38.363763333032516
125,14.036184962046027,38.364422756338435
126,14.033179343706488,38.36767300903802
127,14.035869713557643,38.370667339530925
128,14.040805740230415,38.37506004296575
129,14.050075,38.381375
130,14.051002510706574,38.38506634565953
131,14.0522,38.38675
132,14.054014870792852,38.388601968507665
133,14.056187500000002,38.393625
134,14.056231187144643,38.39549751843194
135,14.0489,38.396499999999996
136,14.047006971139446,38.397427704560236
137,14.044712499999997,38.399125
138,14.044578573352238,38.40192466039024
139,14.037725000000002,38.401625
140,14.03945719902544,38.40416484450716
141,14.037612499999998,38.40625
142,14.03504773296067,38.408129481477964
143,14.036662499999998,38.412000000000006
144,14.032096509713707,38.41451053233694
145,14.0259875,38.414874999999995
146,14.025356214102509,38.41734341040494
147,14.0203,38.4185
148,14.01977175680713,38.421268274915484
149,14.025408802837374,38.42505854859637
150,14.042766219365141,38.431983048075274
151,14.04315,38.4335
152,14.044342655499612,38.436442091178115
153,14.0451625,38.438
154,14.03717955429398,38.43857485253959
155,14.0351375,38.439750000000004
156,14.024732134474156,38.4401068185843
157,14.0284125,38.442499999999995
158,14.020867440481954,38.44368438191836
159,14.0147625,38.4445
160,14.004829328529034,38.44510928912873
161,14.003325,38.445875
162,13.998546384080448,38.4463417613846
163,13.996762500000003,38.449375
164,13.994154718460953,38.452291908155246
165,13.9957375,38.454
166,13.995359666276402,38.45574501364265
167,13.993582337841222,38.45877460555973
168,13.991635141034985,38.45954516599854
169,13.992146296296298,38.46080555555555
170,13.990811235763887,38.46232157986111
171,13.997424999999998,38.465625
172,13.998389951566853,38.466504257421185
173,14.009853458915156,38.47174545628579
174,14.014100490412359,38.475374684647875
175,14.018122069872277,38.47799126596544
176,14.01912688214374,38.48146218155506
177,14.018010542549197,38.4825162328539
178,14.020452484544409,38.48426664257417
179,14.018715624581299,38.487162474088066
180,14.025531653175458,38.49259620197539
181,14.0235375,38.49427329075883
182,14.02444933640476,38.49887857629658
183,14.025514437331548,38.500875
184,14.026183697428856,38.50442799227261
185,14.027644461753566,38.50569130002318
186,14.02395966605198,38.51008976703509
187,14.017294444444445,38.50962037037037
188,14.013606979451541,38.51202458827948
189,14.003075,38.510875
190,14.003971417643946,38.512538254778896
191,14.000310186727456,38.5137790111246
192,14.004203720535,38.51648260767748
193,14.003125000000002,38.51875
194,14.00506174820188,38.520846640838805
195,13.9966,38.52275
196,13.992986417910226,38.52370176423
197,13.9933,38.527249999999995
198,13.990880177923541,38.52864324947717
199,13.991725,38.52975
200,13.988483272307022,38.53014991697459
201,13.986375,38.531499999999994
202,13.982010831638267,38.5319383750478
203,13.988872689601177,38.535
204,13.990273881169038,38.53668911078079
205,13.9867,38.537124999999996
206,13.988600192713664,38.53984265661443
207,13.9909875,38.541124999999994
208,13.993923569017156,38.54250580698583
209,13.992112499999998,38.543375
210,13.986815656191633,38.54373208159555
211,13.986462499999998,38.544375
212,13.98324024125383,38.54555104701496
213,13.979075,38.545625
214,13.975321180293479,38.54616307391332
215,13.9760625,38.547875
216,13.975242884447077,38.549667505486966
217,13.975962500000001,38.55075
218,13.970900020188393,38.55245411928183
219,13.971400000000001,38.553
220,13.970946810276342,38.55374720815374
221,13.963127234315731,38.55545261572287
222,13.960578419451334,38.55613886399079
223,13.957025000000002,38.55625
224,13.949627751108178,38.55712794476064
225,13.947500000000002,38.557625
226,13.94921244536605,38.56018990189363
227,13.95447482638889,38.56314713541667
228,13.954301411422756,38.56574387418553
229,13.958212499999998,38.567875
230,13.958842198537521,38.569435411459075
231,13.9602875,38.57175
232,13.95891188253439,38.572403085568155
233,13.955049999999998,38.574375
234,13.952457674801682,38.5744270996116
235,13.947849999999999,38.5765
236,13.946558064047885,38.57780022965189
237,13.947925,38.579874999999994
238,13.948521319623065,38.58203795534263
239,13.9542625,38.5845
240,13.956488458264506,38.58711353888009
241,13.9560125,38.588875
242,13.957317694375423,38.58986029065525
243,13.959777854996243,38.59272962058603
244,13.95962391930966,38.593970224415294
245,13.963025,38.59587500000001
246,13.963196248524518,38.59618290998121
247,13.9647,38.597875
248,13.957478551810055,38.59751679412079
249,13.953775000000002,38.597249999999995
250,13.945751078314519,38.59750035968294
251,13.943312500000001,38.59737499999999
252,13.944761968233454,38.599248128685055
253,13.943175,38.59949999999999
254,13.942606085577552,38.60054253284371
255,13.9393,38.601
256,13.9381132527175,38.601451948143634
257,13.936186474377035,38.601995081018515
258,13.937220378625248,38.602817857562464
259,13.937202314814815,38.60448148148148
260,13.938585404681069,38.60585992935528
261,13.938612500000001,38.606875
262,13.939553312595185,38.60802544872766
263,13.940087499999999,38.608625
264,13.941589913027832,38.6100188309011
265,13.944499754050927,38.611375
266,13.946070759275587,38.61235111579833
267,13.945958391691375,38.61335705039509
268,13.94655200628653,38.614177225309106
269,13.94817145,38.6148575
270,13.949293636222563,38.61555505898491
271,13.951443207644902,38.6166390625
272,13.953635160367451,38.61815101156325
273,13.953268700000002,38.6184965
274,13.953108571367409,38.61983868098422
275,13.9534,38.62025
276,13.953374468293559,38.622226648834015
277,13.953652936008668,38.62263359036358
278,13.955504382038013,38.624290357625846
279,13.955746296296297,38.624500000000005
280,13.958112120663898,38.626080398007446
281,13.958612500000001,38.626625000000004
282,13.960460989316143,38.6276844470045
283,13.961549999999999,38.628249999999994
284,13.967399974556892,38.63109047775794
285,13.967217390793408,38.63152065417472
286,13.970338778392486,38.63348230424271
287,13.970862499999999,38.633875
288,13.97311749968695,38.63541503024738
289,13.976549999999998,38.637125000000005
290,13.971954032751803,38.63661964923286
291,13.97285327425842,38.63731727897252
292,13.971474545171821,38.63802342104342
293,13.970899999999999,38.63837500000001
294,13.975854661974557,38.64103164821926
295,13.98081237855903,38.64286269722014
296,13.98341984677752,38.64384352337598
297,13.985874999999998,38.64525
298,13.985531892476956,38.645641773335
299,13.9870625,38.646875
300,13.987277907420115,38.646954479302366
301,13.989285973120817,38.64768523536065
302,13.99228870691307,38.64885562851875
303,13.995332972328633,38.65019676695515
304,13.998069958144756,38.65152843763033
305,14.00071254045041,38.65288513507225
306,14.003339267836905,38.65425938243777
307,14.005882368055188,38.655602870212306
308,14.008256911978991,38.65687538104
309,14.010326687144083,38.65803143104712
310,14.01198089142187,38.65902623985428
311,14.013215416820088,38.65984808678271
312,14.014315445026682,38.66062762862018
313,14.01545943552451,38.66143210429806
314,14.017006418026428,38.662388640555115
315,14.019032428163937,38.66352202060588
316,14.02141323161074,38.66478290725553
317,14.02402260840118,38.66612179388541
318,14.02672325220373,38.6674880573621
319,14.029383103143351,38.66883170620984
320,14.031775257023442,38.67010755274131
321,14.033759601440659,38.67127766532515
322,14.03526092288183,38.67230751266352
323,14.036137721466826,38.673134086443724
324,14.036691497776244,38.67384536911671
325,14.037190399344619,38.67452171848277
326,14.037638759232788,38.675157670046296
327,14.038040850211624,38.675747895908756
328,14.038402773386819,38.676291110972414
329,14.038728248032601,38.67678338903405
330,14.039016797008802,38.67721357163676
331,14.03919772295493,38.677582413429455
332,14.039091649540433,38.677913549589896
333,14.038714652382868,38.67821280557609
334,14.038107721183477,38.67848222286395
335,14.037376483354874,38.67873470008507
336,14.03656472993002,38.67897762619016
337,14.035702097779343,38.67920877963703
338,14.034816352688814,38.67942897557745
339,14.033933748101914,38.679645626999935
340,14.033144856228652,38.67988531017007
341,14.03246698899635,38.68017020814111
342,14.031754602402698,38.680459638872485
343,14.031000527672369,38.680740366054515
344,14.030194987432132,38.68099727844966
345,14.029318523293082,38.681209356108226
346,14.028326497135541,38.681368314737405
347,14.02716191134907,38.68148998521599
348,14.025872962279358,38.68157598282059
349,14.024634647177594,38.681678421133405
350,14.023549243887652,38.68181890438581
351,14.022650168087548,38.68200442437543
352,14.021790475343801,38.68222130419822
353,14.020977372658207,38.682460548917824
354,14.020244268789316,38.682715015355754
355,14.019586682152056,38.68297293775535
356,14.019006063824463,38.68321916571985
357,14.01850039574242,38.6834623510874
358,14.018002323273711,38.6837242331859
359,14.017532862063078,38.68399837727562
360,14.017115672424005,38.68427166891953
361,14.016778339673921,38.684537298741695
362,14.016533081869216,38.68480178690317
363,14.016370993378994,38.68509167576907
364,14.016280890987046,38.68541342311803
365,14.016272423686246,38.68576127193961
366,14.016339867891517,38.68613244693284
367,14.01646778088669,38.6865122340809
368,14.016638747640682,38.68688553445415
369,14.016842847595877,38.68724349229437
370,14.01706589185147,38.687574573636205
371,14.017278670103652,38.687871099379976
372,14.017545072868907,38.68818422903435
373,14.017918393079485,38.68852606027579
374,14.018417618450101,38.688904161428546
375,14.01902732391274,38.68931650253696
376,14.019725669640447,38.68975793815687
377,14.020578588937273,38.69025041100128
378,14.021866881174185,38.69087926839928
379,14.02347522112962,38.691604395131115
380,14.025233094171245,38.69237936455211
381,14.026886711082788,38.69313153157815
382,14.028268154322049,38.693803780741426
383,14.029256758461946,38.694365806410495
384,14.029784590206738,38.69479742411101
385,14.029863768368617,38.695086711578654
386,14.029837075380133,38.69533828067202
387,14.029764961834582,38.695557874045655
388,14.029663892631058,38.69573962189128
389,14.029495801768926,38.6958698724623
390,14.029238063784888,38.695932248258515
391,14.028872772903133,38.69593033256972
392,14.028296906348094,38.69586658021304
393,14.027490885544069,38.695740491947014
394,14.026533217708398,38.69558654043429
395,14.025533051701379,38.69544436871579
396,14.024546570205453,38.69532325242366
397,14.02360990374895,38.69522382312353
398,14.022637862418113,38.69511496421169
399,14.021598271665043,38.69497973100348
400,14.020589259501556,38.69486222903038
401,14.019645161310931,38.694774724677195
402,14.018789007245507,38.694714540745665
403,14.017981814756098,38.69467900003752
404,14.017212012785949,38.69466542535448
405,14.016486902346745,38.69467085445283
406,14.01571721550446,38.694659465356075
407,14.014829555617153,38.694601272942556
408,14.013842182510874,38.694505649993424
409,14.01283196700962,38.69440275234549
410,14.011843096092202,38.69431327425932
411,14.010806713448368,38.69423165684642
412,14.009642322493619,38.6941505391868
413,14.008451908341762,38.69409260866759
414,14.007309592236751,38.694071672331695
415,14.006117142659702,38.694049707686275
416,14.004909180494305,38.69402870378128
417,14.003814604647244,38.69404209880702
418,14.00296403563572,38.69412904148604
419,14.002420276064589,38.69429642157878
420,14.00208654662783,38.69451542301834
421,14.001821509606943,38.69474816591439
422,14.001601811733405,38.69497402193397
423,14.001410874329196,38.69518253278354
424,14.001209478908367,38.695365890348725
425,14.000934957413993,38.69549274553085
426,14.00055008287874,38.69554298858007
427,14.000044563553287,38.695533399040606
428,13.99939854517298,38.695479536940006
429,13.998597436955972,38.69538044968256
430,13.997616165981613,38.695232364960766
431,13.996478520206074,38.69503696319258
432,13.995251880686473,38.69481704411803
433,13.994014928347415,38.69460087922411
434,13.992775208989409,38.69439194057922
435,13.991580848207189,38.69420103623536
436,13.990498682005706,38.69404450348969
437,13.989572682750724,38.69394704981974
438,13.988797176147248,38.693912024924366
439,13.988132413500244,38.6939244702518
440,13.987571651728969,38.69397514872007
441,13.987059677421692,38.69404375635723
442,13.986580978857514,38.694119088831975
443,13.986108994480233,38.69418965358412
444,13.985578578660267,38.69423660781911
445,13.984966693674782,38.694245673602445
446,13.98422992568988,38.69419175583861
447,13.983437224084728,38.69409997631587
448,13.982616188795998,38.69398072807509
449,13.981783665581592,38.69384263694421
450,13.980934465086591,38.69368991703505
451,13.980050832391253,38.69352396331139
452,13.97912668597273,38.69334888788782
453,13.978140615589231,38.693164313736304
454,13.97710384952592,38.69297802812658
455,13.976010185435868,38.69279334485371
456,13.974808831343069,38.69259724938587
457,13.97353296537829,38.69239283121257
458,13.972207424206708,38.69217969075636
459,13.97084957048913,38.69195958334637
460,13.969475788862859,38.691733227584386
461,13.96811003309682,38.69150495393835
462,13.966748187807585,38.69127281519392
463,13.965388286900263,38.69103543594793
464,13.964045813814284,38.69079556550073
465,13.96273013431738,38.690554375086805
466,13.961411049386651,38.6903063758005
467,13.960061721394295,38.69005504530966
468,13.958669761602636,38.6897973605347
469,13.957227478061974,38.689530233943714
470,13.955751380462617,38.68925708561148
471,13.954269338539564,38.68898490184758
472,13.952790361861576,38.688718088639035
473,13.9513352473899,38.68846207495185
474,13.949931452804929,38.6882230741759
475,13.948604300356424,38.688005141452614
476,13.94734838460976,38.68779759155619
477,13.9461554363716,38.687596997167205
478,13.945036521069756,38.68740576860209
479,13.943949070212607,38.68720986582463
480,13.942882951178634,38.687008973398065
481,13.941839718024035,38.68680592907074
482,13.94079714994135,38.68659894025842
483,13.939753117086198,38.68639101007003
484,13.938717078122679,38.686187272383734
485,13.93770055820473,38.68599210103753
486,13.936695123305107,38.685804616814444
487,13.935667987835542,38.685620786027684
488,13.934617064202067,38.685441051755554
489,13.933528629698376,38.68526247121317
490,13.932393800435992,38.685078795881665
491,13.931228829265088,38.68489136197983
492,13.930034230326859,38.68469651527834
493,13.928813724763069,38.68449213221936
494,13.927576549467322,38.6842790106129
495,13.926328695714524,38.684056794390735
496,13.925062981355335,38.68382001770246
497,13.923777640051949,38.68356933837075
498,13.922475256860052,38.68330788391585
499,13.92117286064122,38.68304402459254
500,13.919872597030832,38.682783311067325
501,13.91857404779921,38.68252719705195
502,13.917282082460678,38.682279772392505
503,13.916004870217487,38.68204367140666
504,13.914753809657869,38.68182050345166
505,13.913538297814503,38.68161085848867
506,13.912351119070276,38.6814101213496
507,13.911176529551515,38.68120869814677
508,13.909989135197938,38.6809938157984
509,13.908765558436325,38.680761222079944
510,13.907471693702796,38.680501169495514
511,13.906109895760018,38.68021464955509
512,13.904696171365135,38.67990555781747
513,13.903244475638202,38.679578644823806
514,13.90176928311288,38.67923827809491
515,13.900287554382704,38.67889107718359
516,13.898814859305364,38.67854336011519
517,13.897370336669159,38.67820275940824
518,13.895956327327443,38.67787075227594
519,13.894573445247973,38.67754871133978
520,13.893192775390698,38.67723030713333
521,13.89181384513537,38.67691735632839
522,13.890426783685495,38.67661065731164
523,13.88904158079268,38.67631204734616
524,13.887665400627077,38.67602302768054
525,13.886304229326381,38.67574233559406
526,13.884961774067802,38.67546983283598
527,13.883633932878245,38.67520256741956
528,13.882318512203588,38.67493789818851
529,13.881022583400814,38.674675225389514
530,13.879750053515066,38.67441269309277
531,13.878491056219028,38.67414659485049
532,13.877238607792442,38.67387554284278
533,13.87598184101443,38.67359902045847
534,13.87470684257956,38.67331526838512
535,13.873405045651097,38.673023090741104
536,13.872072309984791,38.67272261234162
537,13.870703662761233,38.6724141114453
538,13.869291709944829,38.67209723247794
539,13.867814051035392,38.671767553263635
540,13.866246907259525,38.671418619378564
541,13.86446319805069,38.67101325931901
542,13.862471247386107,38.67055273064164
543,13.860292099462653,38.670045570088256
544,13.85793516725702,38.6694985010561
545,13.855452280345412,38.66892395424249
546,13.852895744261634,38.66833413085857
547,13.850316883855859,38.66774069224505
548,13.84777327187708,38.667155760558664
549,13.845324442613402,38.66659250236082
550,13.843021590172043,38.66606117331963
551,13.84081953570553,38.66555179002307
552,13.838632906875521,38.665041336152385
553,13.836490109781979,38.664535999392314
554,13.834396820740412,38.66403821760085
555,13.832336100079596,38.66354820623769
556,13.830320936458605,38.6630708138852
557,13.828361340727268,38.66261007749484
558,13.826464101064182,38.662169328304
559,13.82463342687069,38.66174879985105
560,13.822878196210304,38.661348166113825
561,13.821212007338175,38.66096906397429
562,13.819616125467775,38.660606484938164
563,13.818074441506287,38.660256269874225
564,13.816577736769883,38.65991583715211
565,13.815102236663073,38.6595781345392
566,13.81361519734924,38.65923692979824
567,13.812114724852401,38.65888410686979
568,13.810590345801817,38.6585135419466
569,13.809027095659557,38.65812450041961
570,13.807428154809442,38.6577210393332
571,13.805797214266262,38.65730735801394
572,13.804137574017219,38.65688753818277
573,13.802403519442517,38.65645097624674
574,13.80057246229513,38.655996147997826
575,13.798658810514395,38.65553088334366
576,13.796655411377815,38.65505195777791
577,13.794620929243369,38.654572591836235
578,13.792643189850224,38.654113264861756
579,13.79080314869791,38.65369234657266
580,13.789164165884998,38.6533230656531
581,13.787789747445144,38.653019439538525
582,13.786602781299171,38.65275738084467
583,13.78556812158642,38.65252322919722
584,13.784679788021666,38.65231571421954
585,13.783869461460649,38.6521239044167
586,13.78311942678215,38.651944648434956
587,13.782417989327723,38.65177470212761
588,13.781762601980493,38.65161352615611
589,13.781150368044305,38.65146078572581
590,13.78045718142095,38.651293015978034
591,13.779629744802051,38.65109641704226
592,13.778643038287886,38.650864873719456
593,13.77749560775758,38.65059731488453
594,13.776250000934093,38.65030534402831
595,13.774977969329353,38.65000401813888
596,13.773752644651488,38.649709019462314
597,13.77265143078108,38.64943727529385
598,13.771733582834315,38.64920071598221
599,13.770863665825873,38.64898016146789
600,13.7700044842881,38.64876861545192
601,13.769131276465002,38.64855767887194
602,13.768191272499257,38.64833303888955
603,13.767202111705062,38.648096749681365
604,13.766193147165813,38.647854144055515
605,13.765193731964912,38.64761055482012
606,13.764233219185748,38.64737131478329
607,13.763324995381918,38.647139181854676
608,13.762395812826766,38.64690353782824
609,13.761427649772244,38.6466625852853
610,13.76034520029121,38.646400609081965
611,13.759067303600892,38.64609684394313
612,13.757632989907314,38.64575816630283
613,13.756090436555638,38.645394831178734
614,13.75448782089102,38.64501709358852
615,13.752873386686723,38.644635197084135
616,13.751286180251853,38.644256526180754
617,13.749749973789616,38.64388455690059
618,13.748295134010856,38.64352572238366
619,13.746919500841368,38.64317978634978
620,13.745560308916536,38.642836386422445
621,13.74421385276143,38.64249666497068
622,13.742885887909512,38.642163642361254
623,13.741582169894244,38.64184033896092
624,13.740306401001074,38.6415294541656
625,13.739043969076008,38.6412294111183
626,13.737791420723175,38.64093640431198
627,13.736552960378432,38.640648927173004
628,13.735317836155875,38.64036278048332
629,13.734082183856838,38.640075218787864
630,13.732851038681307,38.63978618279799
631,13.731626475321747,38.63949561165516
632,13.730413898425315,38.639204643837516
633,13.729214497887853,38.638913740330544
634,13.728006448421322,38.63861923742673
635,13.726785916373679,38.63831545411842
636,13.725555467504726,38.63800126512575
637,13.724322128301344,38.63767988600077
638,13.723064356166967,38.63734771146842
639,13.721764525910961,38.63700450351429
640,13.720428843355709,38.636654124741334
641,13.719063685462954,38.6363004593474
642,13.717672719058939,38.63594634871981
643,13.71625587159525,38.635592359135
644,13.714809810534991,38.635238589090555
645,13.71333911052822,38.63488755495401
646,13.711837282734646,38.63453437077591
647,13.710297819159095,38.63417415018024
648,13.708732106668066,38.63381019167763
649,13.707153909295858,38.63344565728576
650,13.70557950207334,38.63308394641643
651,13.704021521168128,38.63272702222017
652,13.702421859048837,38.63235449299936
653,13.700740837741561,38.631956655817106
654,13.698992623565667,38.63154071334626
655,13.69720217254059,38.631113196796356
656,13.695322459295296,38.63066388956219
657,13.693371666033112,38.63019797433709
658,13.691387494078317,38.629725040290765
659,13.689438422999809,38.62926068227666
660,13.687594620080013,38.628820825150214
661,13.685813617487247,38.628397487614244
662,13.683993827582086,38.627968020783996
663,13.682167542610685,38.62753742813412
664,13.68037803247866,38.627113017312006
665,13.678619528552161,38.62669177744195
666,13.6769045075314,38.626274828974196
667,13.675236939417614,38.625863694373585
668,13.673627244104642,38.62546081640657
669,13.672101353358757,38.62507140470675
670,13.67063760819674,38.624689032095105
671,13.669150980175095,38.624294924757464
672,13.66766596712933,38.623897438264194
673,13.66618848395779,38.62349946284338
674,13.664707711200132,38.62310083919168
675,13.663209111952163,38.62270206776025
676,13.6617071307484,38.62230765112974
677,13.660229270774463,38.621924910564815
678,13.658792633947243,38.621558622901304
679,13.657392845256124,38.62120729827329
680,13.655988718661582,38.62085676215176
681,13.65456999935516,38.62050336443511
682,13.653135470768968,38.62014634153138
683,13.651691823230054,38.61978724583712
684,13.650236886407285,38.61942301034286
685,13.64878237876905,38.61905537765808
686,13.647347705089226,38.618689825291234
687,13.645932539321263,38.61832527646895
688,13.644561879428718,38.61796874984825
689,13.643250796415675,38.61762466113631
690,13.642010547896742,38.617296526497306
691,13.640824680684975,38.61698224854358
692,13.639682637846452,38.61668116877868
693,13.638600524255956,38.61639941406405
694,13.637572192061791,38.616134041037775
695,13.636595499654097,38.615883931842134
696,13.635671715333721,38.61564993763221
697,13.63476358560528,38.61542039022337
698,13.633868310135776,38.61519466306342
699,13.632994905466008,38.61497542998032
700,13.632142733225999,38.61476209183583
701,13.631216578537748,38.61453074534778
702,13.630189477756055,38.61427449052381
703,13.62908874343684,38.61400001053611
704,13.627947227288942,38.61371376076668
705,13.626782727760563,38.61341833211092
706,13.625610041525796,38.61311712262567
707,13.624447946937137,38.612815289223384
708,13.623314874665496,38.61251693593103
709,13.622230675246405,38.61222555654904
710,13.621216884366111,38.61194457299088
711,13.620242741602588,38.611668111198405
712,13.619258672939614,38.6113859356765
713,13.618244823564439,38.61109435009056
714,13.617185383748179,38.61079103432999
715,13.61607991351787,38.61047866168081
716,13.614940140742489,38.61016300849374
717,13.61377692068595,38.6098484604275
718,13.612599777012827,38.60953882438566
719,13.611414695054213,38.60923684298585
720,13.610219668599182,38.608942634293285
721,13.609025150993173,38.60865718496956
722,13.607840448558242,38.60838062838883
723,13.60667920148169,38.60811321616441
724,13.605523685075076,38.60784529689978
725,13.604362967350685,38.607571160248575
726,13.603208274541503,38.60729186839476
727,13.602071805934052,38.60700944272726
728,13.600958581850229,38.606725070448825
729,13.59988847664212,38.606443137774725
730,13.598872935757443,38.606168938894086
731,13.597926329967382,38.60590804133809
732,13.59709248218888,38.60567345435116
733,13.596379371893338,38.605469632873366
734,13.595777758356009,38.605297149992246
735,13.595263595676565,38.6051496185371
736,13.594810235531552,38.60501979000316
737,13.594389384281875,38.604900540340054
738,13.593938133801036,38.60477440633573
739,13.593422955475942,38.60463253488738
740,13.592824248336102,38.6044708287502
741,13.592126052486307,38.60428536702687
742,13.591298159735153,38.60406649411085
743,13.590309567979403,38.6038013515256
744,13.589178050955363,38.6034927822352
745,13.587935337795273,38.603150144612506
746,13.586626759131992,38.60278696409512
747,13.58529452137237,38.602416116510284
748,13.583974431451683,38.60205022412514
749,13.582697584912761,38.60169877550725
750,13.581470553036393,38.60136230052326
751,13.580305962134453,38.601047542711775
752,13.579230527638831,38.600764441471355
753,13.57820164058835,38.60049985197124
754,13.577189515184836,38.60024434074793
755,13.57618228600755,38.59999201367463
756,13.575178565213427,38.599742106593936
757,13.574174080671753,38.59949456030398
758,13.573166358413028,38.59924906875694
759,13.572160430180862,38.599006568393946
760,13.571166087363661,38.598767114830984
761,13.570190591652636,38.59852849785602
762,13.569227849156853,38.59828825984856
763,13.568279620853499,38.59804561049727
764,13.567353163937836,38.59780157282048
765,13.566453684115936,38.59755705963992
766,13.56558420232371,38.597312587983794
767,13.564748366902226,38.59706956434475
768,13.563944829619716,38.5968283671111
769,13.563172091679707,38.5965908865785
770,13.562420452327366,38.596357965826165
771,13.561677949873754,38.5961301066557
772,13.560897634938978,38.59590163933624
773,13.56007662016105,38.595673240998266
774,13.559212198073464,38.59544213171506
775,13.558301024823978,38.59520534869888
776,13.557343378618857,38.59495752575427
777,13.556344567725226,38.59469847446618
778,13.555311422026096,38.59443063792818
779,13.554250556287181,38.594154433314685
780,13.55315862275589,38.59387006711752
781,13.552043056836208,38.59357918740147
782,13.550925868829983,38.5932870176502
783,13.549823212300316,38.59299989312546
784,13.548724473654902,38.59272020372596
785,13.547648409794824,38.592453026142095
786,13.546613982164386,38.59220414341477
787,13.545629817701414,38.59197324267491
788,13.544697231416352,38.59175633327044
789,13.543825355093736,38.5915543926247
790,13.54301695493881,38.591367515424956
791,13.542243619649131,38.59118856667139
792,13.541489731220919,38.59101218811547
793,13.540741667208373,38.59083340163183
794,13.539978244387251,38.59064410289944
795,13.53918211117498,38.5904388024832
796,13.538351316770258,38.590215963139705
797,13.537485955457557,38.589975782163755
798,13.536583652318008,38.589718154594706
799,13.53562941691415,38.58943531971017
800,13.534610930420016,38.58912598728425
801,13.533543493811791,38.58879923336537
802,13.532439912816203,38.58846273057527
803,13.531303205739073,38.588121873111874
804,13.530102718751277,38.58777494136018
805,13.528829253620778,38.587424637409995
806,13.527536430181897,38.58708613185043
807,13.526266452438202,38.58676531666953
808,13.525045702237977,38.58646209280891
809,13.523920709707484,38.58618549732524
810,13.522932369393562,38.58594229195503
811,13.522090805488913,38.58572947216792
812,13.521377608828704,38.58553787950891
813,13.520684340188154,38.5853461940549
814,13.519988179471307,38.5851509573387
815,13.519295226211748,38.58495369640909
816,13.518614304782188,38.58475742221933
817,13.517953718064565,38.584566478985224
818,13.517315258631243,38.58438242593101
819,13.516655531914378,38.58419584515184
820,13.51595659787552,38.58400312187258
821,13.515155726393571,38.58378491438922
822,13.514247867257033,38.58353718273917
823,13.513263677160218,38.58326928671441
824,13.512231355828906,38.58298856106092
825,13.511171877918233,38.58269990395728
826,13.510113103245484,38.58241023361143
827,13.50908874909482,38.58212847962836
828,13.508104245150657,38.58185808017357
829,13.507168147785782,38.5816019152669
830,13.506249019963136,38.581347515802264
831,13.505342764245443,38.581092938556914
832,13.50445193936419,38.58083941400503
833,13.50355571659033,38.58057955230493
834,13.502652137844208,38.580313653868764
835,13.5017442022714,38.58004486169423
836,13.500842743287087,38.57977766723869
837,13.49995275856882,38.57951635109554
838,13.499077535657603,38.5792650443194
839,13.498211677670017,38.57902514109599
840,13.49738072709833,38.57880365159594
841,13.496600090893464,38.57860304551076
842,13.495813622381236,38.57840250916321
843,13.495024349822856,38.578200835843276
844,13.49424772449171,38.57800118536749
845,13.493494527225494,38.57780487780794
846,13.492768211290457,38.57761009058308
847,13.492057659583075,38.577412450872835
848,13.491336771468445,38.57720388818968
849,13.490606030056325,38.5769860278252
850,13.489814616146996,38.57674645303611
851,13.488937688358407,38.57648082752867
852,13.487988264056892,38.576194369344854
853,13.48696034630053,38.5758860905531
854,13.485887469487375,38.57556934997211
855,13.484816951256674,38.5752597671227
856,13.483792405409364,38.57496979801071
857,13.482823980036962,38.57470239884287
858,13.481905732825336,38.57445587588246
859,13.481040336923922,38.574231101692476
860,13.480216607204158,38.57402496293083
861,13.479447285064513,38.573840783757255
862,13.47869614309545,38.5736632214638
863,13.477942721768756,38.573482514954264
864,13.477196012254543,38.573299004569165
865,13.476455687409347,38.57310658813775
866,13.475732188936453,38.572906732780815
867,13.475027635141176,38.57270382514736
868,13.474352314132107,38.572503469573654
869,13.47370468444447,38.572307648516556
870,13.473075040831842,38.57211603666534
871,13.472430557356779,38.57192381133207
872,13.471748878965021,38.57172822451085
873,13.47103920424489,38.571533144427555
874,13.470300040193036,38.571336630573434
875,13.469532528865562,38.57113680773929
876,13.46874483588183,38.570931105530065
877,13.467941050450404,38.57071907228675
878,13.467124243457068,38.57050079063561
879,13.466301092926917,38.570276743355876
880,13.465459662935858,38.57004240079899
881,13.464567155641786,38.56978986065941
882,13.463625991004555,38.56952129569501
883,13.462634407317477,38.56923822409373
884,13.461586226499026,38.56894206159491
885,13.460496236377613,38.56863903973811
886,13.459394364947155,38.568336759937736
887,13.458303605587378,38.56804172884209
888,13.457242947130325,38.56775819610799
889,13.456219123993451,38.56748781736813
890,13.455229385131512,38.56722962754813
891,13.454275177474997,38.566982212067046
892,13.453370846625782,38.56674764835347
893,13.452508638393741,38.56652270096117
894,13.451670845313778,38.56630022735238
895,13.450833353137025,38.5660734479706
896,13.449978982273514,38.5658415993859
897,13.44912501346564,38.565608511862955
898,13.448285187165043,38.5653784707895
899,13.447445049436775,38.565151204480166
900,13.446610886911952,38.56492803865014
901,13.44579722193242,38.564710894365284
902,13.445016764852124,38.564501358031045
903,13.444290527908768,38.56430241709504
904,13.443633041443816,38.56411451909656
905,13.443021457893389,38.56392852381002
906,13.442433761589296,38.56374048086117
907,13.441861457648674,38.56354963485458
908,13.441294673267947,38.56335540246719
909,13.44072935330214,38.56315914121062
910,13.440154046793145,38.56296259765184
911,13.439557855558805,38.56276774859853
912,13.438935986053558,38.56257450318241
913,13.438292635126508,38.5623842269139
914,13.437634051948619,38.562199772404334
915,13.436973934623097,38.562025237032756
916,13.436327489128743,38.56186341417538
917,13.435709798544629,38.56171581544847
918,13.435133698960724,38.56158223348382
919,13.434612320385588,38.56146205660586
920,13.434145657298723,38.56135465993441
921,13.433707062465597,38.56125604339473
922,13.433284351274564,38.561160314274936
923,13.43287673265722,38.561064541680466
924,13.432484807050622,38.56096637713532
925,13.432105368943471,38.560863561494585
926,13.431737525647174,38.56075430758236
927,13.431378896664725,38.56063588761079
928,13.431030430495229,38.56050687092436
929,13.430691129901426,38.560367992096836
930,13.430337722738406,38.56021802450763
931,13.429937855614353,38.56005311214438
932,13.429492542709678,38.55987460730605
933,13.429010397762767,38.55968708995658
934,13.428501022613254,38.55949538866821
935,13.427973240201444,38.55930370071909
936,13.42743137442965,38.55911320987689
937,13.426882275050911,38.55892667284388
938,13.426333389234195,38.55874588975084
939,13.4257995788305,38.558574594197324
940,13.425281392316553,38.558413908247104
941,13.424759499737869,38.55825903206033
942,13.424230824807633,38.55810688479351
943,13.42369901379777,38.55795774495554
944,13.42316791211546,38.55781199597072
945,13.422641617444286,38.55767002128028
946,13.42212344010648,38.557530716375474
947,13.421604851077667,38.557388567051255
948,13.421058826461383,38.557239542656355
949,13.420488486064922,38.5570843389585
950,13.419899900281667,38.55692334514302
951,13.419263637124267,38.55674585314642
952,13.418566028502035,38.556547987690884
953,13.417829216898578,38.55633632590375
954,13.417075344797496,38.556117444912346
955,13.416326554682392,38.55589792184398
956,13.415602576859769,38.555684538803185
957,13.414920843567963,38.555483600430684
958,13.414278677753149,38.55529285071423
959,13.413678436807395,38.555114100111055
960,13.413117273052546,38.554947955697145
961,13.412544370520042,38.554780618716556
962,13.411961108799963,38.55461159696894
963,13.411375560235545,38.55444231056544
964,13.410795797170032,38.55427417961723
965,13.41022989194666,38.55410862423546
966,13.409685916908675,38.55394706453131
967,13.40916788901198,38.55379045851451
968,13.408682296157973,38.55363724826896
969,13.408247076547937,38.55348632842382
970,13.407880329147163,38.553345954684445
971,13.407570737133494,38.55322013778668
972,13.407292362540755,38.553102238853796
973,13.40703277513429,38.55298921807333
974,13.406779544679427,38.55287803563283
975,13.40652024094151,38.55276565171987
976,13.406242433685874,38.55264902652198
977,13.405933692677857,38.552525120226726
978,13.405580940903103,38.55239067526519
979,13.40508285595449,38.552224198921806
980,13.404322818943665,38.55200176142863
981,13.403306716878697,38.55172576983996
982,13.402134552707944,38.551420612568585
983,13.400898136223685,38.551108073429916
984,13.399651483837374,38.55079901945719
985,13.398448611960465,38.55050431768364
986,13.39734353700441,38.55023483514248
987,13.396390275380671,38.55000143886696
988,13.395642843500692,38.54981499589027
989,13.395154841248695,38.549686013708175
990,13.394855724732208,38.54959476317755
991,13.394411476544182,38.54946114195358
992,13.393783438412152,38.5492763193722
993,13.392863777882601,38.549013546580824
994,13.391715823112875,38.54869082081115
995,13.390444841108053,38.54833701857817
996,13.389156098873208,38.54798101639682
997,13.387954863413427,38.54765169078207
998,13.38694640173378,38.54737791824891
999,13.386235980839354,38.54718857531227
1000,13.385900639209561,38.547103656160324
