datetime,U_DYFAMED,datenum,lat,lon,U_ERA5
2025-02-01 00:00:00,10.1,20120.0,43.38,7.83,8.078877449035645
2025-02-01 01:00:00,11.3,20120.041666666668,43.38,7.83,8.918618202209473
2025-02-01 02:00:00,11.6,20120.083333333332,43.38,7.83,9.522854804992676
2025-02-01 03:00:00,12.0,20120.125,43.38,7.83,9.622272491455078
2025-02-01 04:00:00,11.5,20120.166666666668,43.38,7.83,10.003628730773926
2025-02-01 05:00:00,11.5,20120.208333333332,43.38,7.83,10.312582969665527
2025-02-01 06:00:00,10.3,20120.25,43.38,7.83,10.430989265441895
2025-02-01 07:00:00,11.2,20120.291666666668,43.38,7.83,10.934099197387695
2025-02-01 08:00:00,12.6,20120.333333333332,43.38,7.83,11.498790740966797
2025-02-01 09:00:00,12.3,20120.375,43.38,7.83,11.283103942871094
2025-02-01 10:00:00,12.2,20120.416666666668,43.38,7.83,11.178171157836914
2025-02-01 11:00:00,12.3,20120.458333333332,43.38,7.83,11.845475196838379
2025-02-01 12:00:00,13.6,20120.5,43.38,7.83,11.832036018371582
2025-02-01 13:00:00,12.7,20120.541666666668,43.38,7.83,11.663155555725098
2025-02-01 14:00:00,13.4,20120.583333333332,43.38,7.83,11.4909029006958
2025-02-01 15:00:00,13.9,20120.625,43.38,7.83,11.51253604888916
2025-02-01 16:00:00,12.1,20120.666666666668,43.38,7.83,11.532666206359863
2025-02-01 17:00:00,11.6,20120.708333333332,43.38,7.83,11.737808227539062
2025-02-01 18:00:00,12.8,20120.75,43.38,7.83,11.839994430541992
2025-02-01 19:00:00,11.6,20120.791666666668,43.38,7.83,11.878039360046387
2025-02-01 20:00:00,11.6,20120.833333333332,43.38,7.83,12.083829879760742
2025-02-01 22:00:00,12.2,20120.916666666668,43.38,7.83,11.150835990905762
2025-02-01 23:00:00,11.1,20120.958333333332,43.38,7.83,11.375503540039062
2025-02-02 00:00:00,12.3,20121.0,43.38,7.83,11.325217247009277
2025-02-02 01:00:00,12.6,20121.041666666668,43.38,7.83,11.141855239868164
2025-02-02 02:00:00,11.2,20121.083333333332,43.38,7.83,10.722378730773926
2025-02-02 03:00:00,10.6,20121.125,43.38,7.83,10.334529876708984
2025-02-02 04:00:00,11.2,20121.166666666668,43.38,7.83,10.44440746307373
2025-02-02 05:00:00,12.5,20121.208333333332,43.38,7.83,10.312320709228516
2025-02-02 06:00:00,12.5,20121.25,43.38,7.83,10.090058326721191
2025-02-02 07:00:00,12.2,20121.291666666668,43.38,7.83,10.004898071289062
2025-02-02 08:00:00,11.5,20121.333333333332,43.38,7.83,9.854135513305664
2025-02-02 09:00:00,11.9,20121.375,43.38,7.83,9.850783348083496
2025-02-02 10:00:00,12.2,20121.416666666668,43.38,7.83,8.640623092651367
2025-02-02 11:00:00,11.8,20121.458333333332,43.38,7.83,8.373236656188965
2025-02-02 12:00:00,11.1,20121.5,43.38,7.83,8.871560096740723
2025-02-02 13:00:00,10.1,20121.541666666668,43.38,7.83,9.168020248413086
2025-02-02 14:00:00,10.4,20121.583333333332,43.38,7.83,9.164632797241211
2025-02-02 15:00:00,11.3,20121.625,43.38,7.83,9.122465133666992
2025-02-02 16:00:00,12.0,20121.666666666668,43.38,7.83,8.922507286071777
2025-02-02 17:00:00,10.7,20121.708333333332,43.38,7.83,8.803122520446777
2025-02-02 18:00:00,11.0,20121.75,43.38,7.83,8.630423545837402
2025-02-02 19:00:00,11.5,20121.791666666668,43.38,7.83,8.350812911987305
2025-02-02 20:00:00,12.2,20121.833333333332,43.38,7.83,7.862286567687988
2025-02-02 21:00:00,11.5,20121.875,43.38,7.83,7.695866584777832
2025-02-02 22:00:00,11.8,20121.916666666668,43.38,7.83,7.82328462600708
2025-02-02 23:00:00,10.2,20121.958333333332,43.38,7.83,7.340857028961182
2025-02-03 00:00:00,10.9,20122.0,43.38,7.83,7.270532608032227
2025-02-03 01:00:00,9.6,20122.041666666668,43.38,7.83,7.432188987731934
2025-02-03 02:00:00,9.9,20122.083333333332,43.38,7.83,7.7698798179626465
2025-02-03 03:00:00,9.2,20122.125,43.38,7.83,7.888157844543457
2025-02-03 04:00:00,10.4,20122.166666666668,43.38,7.83,7.65782356262207
2025-02-03 05:00:00,10.2,20122.208333333332,43.38,7.83,7.167745590209961
2025-02-03 06:00:00,9.8,20122.25,43.38,7.83,6.655571937561035
2025-02-03 07:00:00,9.1,20122.291666666668,43.38,7.83,6.408892631530762
2025-02-03 08:00:00,8.7,20122.333333333332,43.38,7.83,6.151823997497559
2025-02-03 09:00:00,9.1,20122.375,43.38,7.83,5.674688339233398
2025-02-03 10:00:00,8.9,20122.416666666668,43.38,7.83,4.840275764465332
2025-02-03 11:00:00,8.4,20122.458333333332,43.38,7.83,3.6272897720336914
2025-02-03 12:00:00,7.3,20122.5,43.38,7.83,2.7718498706817627
2025-02-03 13:00:00,6.0,20122.541666666668,43.38,7.83,2.433440685272217
2025-02-03 14:00:00,5.7,20122.583333333332,43.38,7.83,2.2640187740325928
2025-02-03 15:00:00,4.6,20122.625,43.38,7.83,2.1312859058380127
2025-02-03 16:00:00,3.7,20122.666666666668,43.38,7.83,1.839694619178772
2025-02-03 17:00:00,1.9,20122.708333333332,43.38,7.83,1.234415888786316
2025-02-03 18:00:00,1.7,20122.75,43.38,7.83,0.9149851202964783
2025-02-03 19:00:00,2.0,20122.791666666668,43.38,7.83,1.3002487421035767
2025-02-03 20:00:00,1.8,20122.833333333332,43.38,7.83,1.6915254592895508
2025-02-03 21:00:00,1.1,20122.875,43.38,7.83,1.7781589031219482
2025-02-03 23:00:00,0.7,20122.958333333332,43.38,7.83,1.3099610805511475
2025-02-04 00:00:00,1.6,20123.0,43.38,7.83,1.521868109703064
2025-02-04 01:00:00,1.3,20123.041666666668,43.38,7.83,1.6791893243789673
2025-02-04 02:00:00,1.0,20123.083333333332,43.38,7.83,1.5357812643051147
2025-02-04 03:00:00,0.6,20123.125,43.38,7.83,1.0923523902893066
2025-02-04 04:00:00,1.8,20123.166666666668,43.38,7.83,0.4038352072238922
2025-02-04 05:00:00,1.3,20123.208333333332,43.38,7.83,0.9400831460952759
2025-02-04 06:00:00,2.6,20123.25,43.38,7.83,1.8699357509613037
2025-02-04 07:00:00,4.2,20123.291666666668,43.38,7.83,1.9918025732040405
2025-02-04 08:00:00,5.4,20123.333333333332,43.38,7.83,2.0457406044006348
2025-02-04 09:00:00,7.0,20123.375,43.38,7.83,2.349062442779541
2025-02-04 10:00:00,6.8,20123.416666666668,43.38,7.83,3.109137773513794
2025-02-04 11:00:00,6.2,20123.458333333332,43.38,7.83,2.9524271488189697
2025-02-04 14:00:00,4.4,20123.583333333332,43.38,7.83,4.382551670074463
2025-02-04 15:00:00,5.5,20123.625,43.38,7.83,5.120108127593994
2025-02-04 16:00:00,6.7,20123.666666666668,43.38,7.83,5.504572868347168
2025-02-04 17:00:00,7.1,20123.708333333332,43.38,7.83,5.124408721923828
2025-02-04 18:00:00,6.8,20123.75,43.38,7.83,4.529509544372559
2025-02-04 19:00:00,5.8,20123.791666666668,43.38,7.83,3.924489736557007
2025-02-04 20:00:00,4.9,20123.833333333332,43.38,7.83,3.117090940475464
2025-02-04 21:00:00,5.2,20123.875,43.38,7.83,2.2571299076080322
2025-02-04 22:00:00,4.9,20123.916666666668,43.38,7.83,2.1882259845733643
2025-02-04 23:00:00,3.7,20123.958333333332,43.38,7.83,2.072406768798828
2025-02-05 00:00:00,2.7,20124.0,43.38,7.83,2.127656936645508
2025-02-05 01:00:00,2.2,20124.041666666668,43.38,7.83,2.193070650100708
2025-02-05 02:00:00,2.5,20124.083333333332,43.38,7.83,2.3795204162597656
2025-02-05 03:00:00,2.1,20124.125,43.38,7.83,2.7505581378936768
2025-02-05 04:00:00,2.0,20124.166666666668,43.38,7.83,2.887722969055176
2025-02-05 05:00:00,1.8,20124.208333333332,43.38,7.83,2.763338327407837
2025-02-05 06:00:00,2.5,20124.25,43.38,7.83,2.318211555480957
2025-02-05 07:00:00,3.0,20124.291666666668,43.38,7.83,1.7244938611984253
2025-02-05 08:00:00,2.8,20124.333333333332,43.38,7.83,1.1784156560897827
2025-02-05 09:00:00,3.7,20124.375,43.38,7.83,0.9591202735900879
2025-02-05 10:00:00,4.6,20124.416666666668,43.38,7.83,1.4316761493682861
2025-02-05 11:00:00,3.8,20124.458333333332,43.38,7.83,1.2105094194412231
2025-02-05 12:00:00,2.8,20124.5,43.38,7.83,1.402803659439087
2025-02-05 13:00:00,2.8,20124.541666666668,43.38,7.83,1.084138035774231
2025-02-05 14:00:00,2.8,20124.583333333332,43.38,7.83,0.9416856169700623
2025-02-05 15:00:00,2.3,20124.625,43.38,7.83,0.7893214821815491
2025-02-05 16:00:00,2.6,20124.666666666668,43.38,7.83,0.40639635920524597
2025-02-05 17:00:00,2.6,20124.708333333332,43.38,7.83,0.5193996429443359
2025-02-05 18:00:00,2.4,20124.75,43.38,7.83,0.6594406366348267
2025-02-05 19:00:00,2.8,20124.791666666668,43.38,7.83,0.7107085585594177
2025-02-05 20:00:00,3.6,20124.833333333332,43.38,7.83,0.9079468846321106
2025-02-05 21:00:00,3.9,20124.875,43.38,7.83,1.3086955547332764
2025-02-05 22:00:00,3.3,20124.916666666668,43.38,7.83,2.639700174331665
2025-02-05 23:00:00,3.5,20124.958333333332,43.38,7.83,2.939260959625244
2025-02-06 00:00:00,2.9,20125.0,43.38,7.83,3.6392502784729004
2025-02-06 01:00:00,3.0,20125.041666666668,43.38,7.83,4.223609447479248
2025-02-06 02:00:00,2.4,20125.083333333332,43.38,7.83,4.403137683868408
2025-02-06 03:00:00,2.2,20125.125,43.38,7.83,4.4849348068237305
2025-02-06 04:00:00,2.7,20125.166666666668,43.38,7.83,4.506095886230469
2025-02-06 05:00:00,4.0,20125.208333333332,43.38,7.83,4.596807956695557
2025-02-06 06:00:00,6.3,20125.25,43.38,7.83,4.683281421661377
2025-02-06 07:00:00,6.7,20125.291666666668,43.38,7.83,4.700688362121582
2025-02-06 08:00:00,6.0,20125.333333333332,43.38,7.83,4.563023567199707
2025-02-06 09:00:00,7.2,20125.375,43.38,7.83,4.3511643409729
2025-02-06 10:00:00,5.9,20125.416666666668,43.38,7.83,4.242212295532227
2025-02-06 11:00:00,7.3,20125.458333333332,43.38,7.83,3.819880723953247
2025-02-06 12:00:00,7.5,20125.5,43.38,7.83,3.8840699195861816
2025-02-06 13:00:00,6.1,20125.541666666668,43.38,7.83,4.449778079986572
2025-02-06 14:00:00,6.1,20125.583333333332,43.38,7.83,4.9326605796813965
2025-02-06 15:00:00,5.4,20125.625,43.38,7.83,5.039295673370361
2025-02-06 16:00:00,4.4,20125.666666666668,43.38,7.83,4.505220890045166
2025-02-06 17:00:00,4.4,20125.708333333332,43.38,7.83,4.309080123901367
2025-02-06 18:00:00,4.3,20125.75,43.38,7.83,4.595534324645996
2025-02-06 19:00:00,4.5,20125.791666666668,43.38,7.83,5.07534646987915
2025-02-06 20:00:00,5.2,20125.833333333332,43.38,7.83,5.686285972595215
2025-02-06 21:00:00,7.1,20125.875,43.38,7.83,6.099431991577148
2025-02-06 22:00:00,7.6,20125.916666666668,43.38,7.83,5.800380229949951
2025-02-06 23:00:00,8.2,20125.958333333332,43.38,7.83,6.362678050994873
2025-02-07 00:00:00,8.5,20126.0,43.38,7.83,7.013952732086182
2025-02-07 01:00:00,8.6,20126.041666666668,43.38,7.83,7.790587902069092
2025-02-07 02:00:00,9.1,20126.083333333332,43.38,7.83,8.585309982299805
2025-02-07 03:00:00,9.0,20126.125,43.38,7.83,9.163338661193848
2025-02-07 04:00:00,10.2,20126.166666666668,43.38,7.83,9.431418418884277
2025-02-07 05:00:00,10.7,20126.208333333332,43.38,7.83,9.993091583251953
2025-02-07 06:00:00,10.8,20126.25,43.38,7.83,10.355745315551758
2025-02-07 07:00:00,11.6,20126.291666666668,43.38,7.83,10.55674934387207
2025-02-07 08:00:00,12.0,20126.333333333332,43.38,7.83,10.774919509887695
2025-02-07 09:00:00,12.7,20126.375,43.38,7.83,10.757107734680176
2025-02-07 10:00:00,10.9,20126.416666666668,43.38,7.83,10.954377174377441
2025-02-07 11:00:00,11.1,20126.458333333332,43.38,7.83,11.089921951293945
2025-02-07 12:00:00,11.0,20126.5,43.38,7.83,10.817896842956543
2025-02-07 13:00:00,11.9,20126.541666666668,43.38,7.83,11.034202575683594
2025-02-07 14:00:00,13.2,20126.583333333332,43.38,7.83,11.20869255065918
2025-02-07 15:00:00,12.3,20126.625,43.38,7.83,11.253140449523926
2025-02-07 16:00:00,11.5,20126.666666666668,43.38,7.83,11.254415512084961
2025-02-07 17:00:00,11.2,20126.708333333332,43.38,7.83,11.252525329589844
2025-02-07 18:00:00,11.8,20126.75,43.38,7.83,11.244407653808594
2025-02-07 19:00:00,11.4,20126.791666666668,43.38,7.83,11.204349517822266
2025-02-07 20:00:00,11.1,20126.833333333332,43.38,7.83,11.377079010009766
2025-02-07 21:00:00,11.3,20126.875,43.38,7.83,11.314544677734375
2025-02-07 22:00:00,11.9,20126.916666666668,43.38,7.83,10.54212760925293
2025-02-07 23:00:00,11.8,20126.958333333332,43.38,7.83,10.554476737976074
2025-02-08 00:00:00,11.8,20127.0,43.38,7.83,10.73675537109375
2025-02-08 01:00:00,12.1,20127.041666666668,43.38,7.83,11.227142333984375
2025-02-08 02:00:00,12.5,20127.083333333332,43.38,7.83,11.889430046081543
2025-02-08 03:00:00,11.9,20127.125,43.38,7.83,11.994159698486328
2025-02-08 04:00:00,12.3,20127.166666666668,43.38,7.83,11.948526382446289
2025-02-08 05:00:00,12.5,20127.208333333332,43.38,7.83,11.829169273376465
2025-02-08 06:00:00,,20127.25,43.38,7.83,11.943411827087402
2025-02-08 07:00:00,12.8,20127.291666666668,43.38,7.83,12.021989822387695
2025-02-08 08:00:00,13.0,20127.333333333332,43.38,7.83,11.894102096557617
2025-02-08 09:00:00,12.7,20127.375,43.38,7.83,12.14716911315918
2025-02-08 10:00:00,13.1,20127.416666666668,43.38,7.83,13.472368240356445
2025-02-08 11:00:00,13.6,20127.458333333332,43.38,7.83,13.703471183776855
2025-02-08 12:00:00,14.8,20127.5,43.38,7.83,13.755876541137695
2025-02-08 13:00:00,14.6,20127.541666666668,43.38,7.83,13.672698974609375
2025-02-08 14:00:00,14.4,20127.583333333332,43.38,7.83,13.470077514648438
2025-02-08 15:00:00,14.1,20127.625,43.38,7.83,13.334844589233398
2025-02-08 16:00:00,14.8,20127.666666666668,43.38,7.83,13.064475059509277
2025-02-08 17:00:00,14.5,20127.708333333332,43.38,7.83,13.014432907104492
2025-02-08 18:00:00,14.5,20127.75,43.38,7.83,12.971134185791016
2025-02-08 19:00:00,14.9,20127.791666666668,43.38,7.83,12.875761032104492
2025-02-08 20:00:00,13.7,20127.833333333332,43.38,7.83,12.550594329833984
2025-02-08 21:00:00,13.4,20127.875,43.38,7.83,12.599906921386719
2025-02-08 22:00:00,13.7,20127.916666666668,43.38,7.83,12.662650108337402
2025-02-08 23:00:00,13.0,20127.958333333332,43.38,7.83,12.442325592041016
2025-02-09 00:00:00,13.0,20128.0,43.38,7.83,11.50112247467041
2025-02-09 01:00:00,12.3,20128.041666666668,43.38,7.83,11.004026412963867
2025-02-09 02:00:00,12.3,20128.083333333332,43.38,7.83,10.390634536743164
2025-02-09 03:00:00,11.1,20128.125,43.38,7.83,9.653008460998535
2025-02-09 04:00:00,10.8,20128.166666666668,43.38,7.83,8.963828086853027
2025-02-09 05:00:00,10.4,20128.208333333332,43.38,7.83,8.432146072387695
2025-02-09 06:00:00,10.2,20128.25,43.38,7.83,8.102030754089355
2025-02-09 07:00:00,9.7,20128.291666666668,43.38,7.83,7.731435775756836
2025-02-09 08:00:00,9.4,20128.333333333332,43.38,7.83,7.1881422996521
2025-02-09 09:00:00,9.1,20128.375,43.38,7.83,6.668737411499023
2025-02-09 10:00:00,8.1,20128.416666666668,43.38,7.83,4.640321731567383
2025-02-09 11:00:00,6.7,20128.458333333332,43.38,7.83,4.0982489585876465
2025-02-09 12:00:00,6.1,20128.5,43.38,7.83,4.545845031738281
2025-02-09 13:00:00,6.8,20128.541666666668,43.38,7.83,4.968000411987305
2025-02-09 14:00:00,5.9,20128.583333333332,43.38,7.83,5.557933807373047
2025-02-09 15:00:00,4.4,20128.625,43.38,7.83,6.383040904998779
2025-02-09 18:00:00,7.3,20128.75,43.38,7.83,5.593212604522705
2025-02-09 19:00:00,6.8,20128.791666666668,43.38,7.83,4.616128921508789
2025-02-09 21:00:00,,20128.875,43.38,7.83,3.3529772758483887
2025-02-09 22:00:00,4.6,20128.916666666668,43.38,7.83,2.8935203552246094
2025-02-09 23:00:00,3.7,20128.958333333332,43.38,7.83,2.3933582305908203
2025-02-10 00:00:00,2.1,20129.0,43.38,7.83,1.897322416305542
2025-02-10 01:00:00,0.8,20129.041666666668,43.38,7.83,1.709671139717102
2025-02-10 02:00:00,1.2,20129.083333333332,43.38,7.83,1.3906177282333374
2025-02-10 03:00:00,1.8,20129.125,43.38,7.83,1.4265192747116089
2025-02-10 04:00:00,2.2,20129.166666666668,43.38,7.83,1.3411543369293213
2025-02-10 05:00:00,2.4,20129.208333333332,43.38,7.83,0.8183930516242981
2025-02-10 06:00:00,2.6,20129.25,43.38,7.83,0.2550237774848938
2025-02-10 07:00:00,2.5,20129.291666666668,43.38,7.83,0.8598657846450806
2025-02-10 08:00:00,2.7,20129.333333333332,43.38,7.83,1.3541377782821655
2025-02-10 09:00:00,3.1,20129.375,43.38,7.83,1.757759928703308
2025-02-10 10:00:00,3.2,20129.416666666668,43.38,7.83,1.4985284805297852
2025-02-10 11:00:00,3.6,20129.458333333332,43.38,7.83,1.8957370519638062
2025-02-10 12:00:00,4.1,20129.5,43.38,7.83,2.403733491897583
2025-02-10 13:00:00,4.3,20129.541666666668,43.38,7.83,3.0899014472961426
2025-02-10 14:00:00,3.7,20129.583333333332,43.38,7.83,3.5679163932800293
2025-02-10 15:00:00,4.2,20129.625,43.38,7.83,3.6621272563934326
2025-02-10 16:00:00,4.2,20129.666666666668,43.38,7.83,3.638684034347534
2025-02-10 17:00:00,3.7,20129.708333333332,43.38,7.83,3.6536483764648438
2025-02-10 21:00:00,,20129.875,43.38,7.83,3.1099250316619873
2025-02-10 23:00:00,1.3,20129.958333333332,43.38,7.83,2.2333896160125732
2025-02-11 00:00:00,0.8,20130.0,43.38,7.83,2.135366678237915
2025-02-11 01:00:00,1.1,20130.041666666668,43.38,7.83,2.3418099880218506
2025-02-11 02:00:00,1.3,20130.083333333332,43.38,7.83,2.816143751144409
2025-02-11 03:00:00,1.4,20130.125,43.38,7.83,2.99421763420105
2025-02-11 04:00:00,3.0,20130.166666666668,43.38,7.83,2.9786577224731445
2025-02-11 05:00:00,2.9,20130.208333333332,43.38,7.83,2.6958062648773193
2025-02-11 06:00:00,4.0,20130.25,43.38,7.83,2.277825355529785
2025-02-11 07:00:00,3.8,20130.291666666668,43.38,7.83,2.111107349395752
2025-02-11 08:00:00,4.0,20130.333333333332,43.38,7.83,1.7343554496765137
2025-02-11 09:00:00,3.3,20130.375,43.38,7.83,1.944151759147644
2025-02-11 10:00:00,2.5,20130.416666666668,43.38,7.83,2.4743385314941406
2025-02-11 11:00:00,2.9,20130.458333333332,43.38,7.83,2.786262035369873
2025-02-11 12:00:00,2.8,20130.5,43.38,7.83,3.3303844928741455
2025-02-11 13:00:00,3.8,20130.541666666668,43.38,7.83,3.3103139400482178
2025-02-11 14:00:00,3.9,20130.583333333332,43.38,7.83,3.427321434020996
2025-02-11 15:00:00,4.4,20130.625,43.38,7.83,3.702296495437622
2025-02-11 16:00:00,5.2,20130.666666666668,43.38,7.83,4.033193588256836
2025-02-11 17:00:00,5.6,20130.708333333332,43.38,7.83,4.096025466918945
2025-02-11 18:00:00,5.9,20130.75,43.38,7.83,4.103560447692871
2025-02-11 19:00:00,5.5,20130.791666666668,43.38,7.83,3.944706916809082
2025-02-11 20:00:00,5.6,20130.833333333332,43.38,7.83,3.8535265922546387
2025-02-11 21:00:00,6.0,20130.875,43.38,7.83,3.430168867111206
2025-02-11 22:00:00,6.2,20130.916666666668,43.38,7.83,4.280547618865967
2025-02-11 23:00:00,6.4,20130.958333333332,43.38,7.83,4.602875232696533
2025-02-12 00:00:00,6.0,20131.0,43.38,7.83,4.944852352142334
2025-02-12 01:00:00,6.5,20131.041666666668,43.38,7.83,5.316564559936523
2025-02-12 02:00:00,5.7,20131.083333333332,43.38,7.83,5.913658142089844
2025-02-12 03:00:00,6.6,20131.125,43.38,7.83,6.274234771728516
2025-02-12 04:00:00,6.6,20131.166666666668,43.38,7.83,6.669990539550781
2025-02-12 05:00:00,7.5,20131.208333333332,43.38,7.83,7.012660503387451
2025-02-12 06:00:00,7.3,20131.25,43.38,7.83,7.132906436920166
2025-02-12 07:00:00,7.4,20131.291666666668,43.38,7.83,7.200282096862793
2025-02-12 08:00:00,8.8,20131.333333333332,43.38,7.83,7.159389972686768
2025-02-12 09:00:00,7.3,20131.375,43.38,7.83,7.13267183303833
2025-02-12 10:00:00,8.1,20131.416666666668,43.38,7.83,7.186460971832275
2025-02-12 15:00:00,,20131.625,43.38,7.83,7.280057907104492
2025-02-12 16:00:00,8.9,20131.666666666668,43.38,7.83,7.276452541351318
2025-02-12 17:00:00,7.7,20131.708333333332,43.38,7.83,6.978622913360596
2025-02-12 18:00:00,8.3,20131.75,43.38,7.83,6.690898418426514
2025-02-12 19:00:00,8.8,20131.791666666668,43.38,7.83,6.565382957458496
2025-02-12 20:00:00,8.1,20131.833333333332,43.38,7.83,6.682192802429199
2025-02-12 21:00:00,8.5,20131.875,43.38,7.83,6.640028476715088
2025-02-12 22:00:00,8.3,20131.916666666668,43.38,7.83,6.747570514678955
2025-02-12 23:00:00,8.2,20131.958333333332,43.38,7.83,6.82504415512085
2025-02-13 00:00:00,8.1,20132.0,43.38,7.83,6.812307834625244
2025-02-13 01:00:00,7.7,20132.041666666668,43.38,7.83,6.4532318115234375
2025-02-13 02:00:00,7.9,20132.083333333332,43.38,7.83,6.221134662628174
2025-02-13 03:00:00,7.4,20132.125,43.38,7.83,6.039943218231201
2025-02-13 04:00:00,6.8,20132.166666666668,43.38,7.83,6.127852439880371
2025-02-13 05:00:00,7.1,20132.208333333332,43.38,7.83,6.2886552810668945
2025-02-13 06:00:00,7.5,20132.25,43.38,7.83,6.096393585205078
2025-02-13 07:00:00,6.8,20132.291666666668,43.38,7.83,5.506017208099365
2025-02-13 08:00:00,6.5,20132.333333333332,43.38,7.83,4.674277305603027
2025-02-13 09:00:00,5.4,20132.375,43.38,7.83,3.7146687507629395
2025-02-13 10:00:00,4.6,20132.416666666668,43.38,7.83,4.183807849884033
2025-02-13 11:00:00,4.4,20132.458333333332,43.38,7.83,3.130145788192749
2025-02-13 12:00:00,3.7,20132.5,43.38,7.83,2.4696238040924072
2025-02-13 13:00:00,2.5,20132.541666666668,43.38,7.83,1.8835158348083496
2025-02-13 14:00:00,1.2,20132.583333333332,43.38,7.83,2.2267231941223145
2025-02-13 15:00:00,0.7,20132.625,43.38,7.83,2.969416379928589
2025-02-13 16:00:00,2.2,20132.666666666668,43.38,7.83,3.216416597366333
2025-02-13 17:00:00,2.6,20132.708333333332,43.38,7.83,3.6176021099090576
2025-02-13 18:00:00,3.9,20132.75,43.38,7.83,4.694469928741455
2025-02-13 19:00:00,4.7,20132.791666666668,43.38,7.83,5.88062047958374
2025-02-13 20:00:00,6.7,20132.833333333332,43.38,7.83,6.6820759773254395
2025-02-13 21:00:00,6.7,20132.875,43.38,7.83,6.370585918426514
2025-02-13 22:00:00,7.2,20132.916666666668,43.38,7.83,6.124386310577393
2025-02-13 23:00:00,7.4,20132.958333333332,43.38,7.83,5.290057182312012
2025-02-14 00:00:00,7.7,20133.0,43.38,7.83,5.188104629516602
2025-02-14 01:00:00,8.5,20133.041666666668,43.38,7.83,4.969831466674805
2025-02-14 02:00:00,6.7,20133.083333333332,43.38,7.83,3.9838318824768066
2025-02-14 03:00:00,3.0,20133.125,43.38,7.83,2.471789836883545
2025-02-14 04:00:00,3.3,20133.166666666668,43.38,7.83,1.834259033203125
2025-02-14 05:00:00,3.6,20133.208333333332,43.38,7.83,1.7191435098648071
2025-02-14 06:00:00,3.5,20133.25,43.38,7.83,1.4372824430465698
2025-02-14 07:00:00,3.1,20133.291666666668,43.38,7.83,1.1873855590820312
2025-02-14 08:00:00,2.5,20133.333333333332,43.38,7.83,1.5700489282608032
2025-02-14 09:00:00,1.2,20133.375,43.38,7.83,4.099462032318115
2025-02-14 10:00:00,2.0,20133.416666666668,43.38,7.83,3.848240375518799
2025-02-14 11:00:00,3.5,20133.458333333332,43.38,7.83,5.494966983795166
2025-02-14 12:00:00,10.0,20133.5,43.38,7.83,7.716162204742432
2025-02-14 13:00:00,12.8,20133.541666666668,43.38,7.83,9.324345588684082
2025-02-14 14:00:00,14.0,20133.583333333332,43.38,7.83,11.109962463378906
2025-02-14 15:00:00,14.4,20133.625,43.38,7.83,13.08896541595459
2025-02-14 16:00:00,13.8,20133.666666666668,43.38,7.83,13.963836669921875
2025-02-14 17:00:00,14.1,20133.708333333332,43.38,7.83,13.838658332824707
2025-02-14 18:00:00,11.8,20133.75,43.38,7.83,13.428332328796387
2025-02-14 19:00:00,11.6,20133.791666666668,43.38,7.83,12.231704711914062
2025-02-14 20:00:00,13.5,20133.833333333332,43.38,7.83,10.59906005859375
2025-02-14 21:00:00,12.4,20133.875,43.38,7.83,9.0968599319458
2025-02-14 22:00:00,11.1,20133.916666666668,43.38,7.83,8.684557914733887
2025-02-14 23:00:00,10.1,20133.958333333332,43.38,7.83,8.036200523376465
2025-02-15 00:00:00,9.1,20134.0,43.38,7.83,7.773962497711182
2025-02-15 01:00:00,5.3,20134.041666666668,43.38,7.83,7.260494232177734
2025-02-15 02:00:00,8.8,20134.083333333332,43.38,7.83,7.087706565856934
2025-02-15 03:00:00,10.8,20134.125,43.38,7.83,7.142307758331299
2025-02-15 04:00:00,9.0,20134.166666666668,43.38,7.83,6.985243797302246
2025-02-15 05:00:00,11.4,20134.208333333332,43.38,7.83,7.19327974319458
2025-02-15 06:00:00,11.1,20134.25,43.38,7.83,6.9911088943481445
2025-02-15 07:00:00,7.6,20134.291666666668,43.38,7.83,6.641733646392822
2025-02-15 08:00:00,5.1,20134.333333333332,43.38,7.83,6.409307956695557
2025-02-15 09:00:00,2.9,20134.375,43.38,7.83,6.044254302978516
2025-02-15 10:00:00,1.5,20134.416666666668,43.38,7.83,5.421745300292969
2025-02-15 11:00:00,6.5,20134.458333333332,43.38,7.83,3.9172215461730957
2025-02-15 15:00:00,3.6,20134.625,43.38,7.83,0.7929474115371704
2025-02-15 16:00:00,2.1,20134.666666666668,43.38,7.83,0.7053584456443787
2025-02-15 17:00:00,3.2,20134.708333333332,43.38,7.83,1.2098150253295898
2025-02-15 18:00:00,2.2,20134.75,43.38,7.83,0.7945438623428345
2025-02-15 19:00:00,2.4,20134.791666666668,43.38,7.83,0.6986279487609863
2025-02-15 20:00:00,2.2,20134.833333333332,43.38,7.83,1.1110122203826904
2025-02-15 21:00:00,2.4,20134.875,43.38,7.83,1.2014328241348267
2025-02-15 22:00:00,3.2,20134.916666666668,43.38,7.83,1.1662155389785767
2025-02-15 23:00:00,3.8,20134.958333333332,43.38,7.83,1.1430680751800537
2025-02-16 00:00:00,3.7,20135.0,43.38,7.83,1.8502285480499268
2025-02-16 01:00:00,3.3,20135.041666666668,43.38,7.83,2.0554823875427246
2025-02-16 02:00:00,5.3,20135.083333333332,43.38,7.83,2.320842742919922
2025-02-16 03:00:00,5.4,20135.125,43.38,7.83,2.591618299484253
2025-02-16 04:00:00,4.3,20135.166666666668,43.38,7.83,2.9454569816589355
2025-02-16 05:00:00,2.7,20135.208333333332,43.38,7.83,3.1770527362823486
2025-02-16 06:00:00,3.7,20135.25,43.38,7.83,3.352810859680176
2025-02-16 07:00:00,3.0,20135.291666666668,43.38,7.83,3.6219773292541504
2025-02-16 08:00:00,1.3,20135.333333333332,43.38,7.83,4.05856466293335
2025-02-16 09:00:00,1.6,20135.375,43.38,7.83,4.472187042236328
2025-02-16 10:00:00,3.3,20135.416666666668,43.38,7.83,3.98504376411438
2025-02-16 11:00:00,2.5,20135.458333333332,43.38,7.83,3.8362762928009033
2025-02-16 12:00:00,1.9,20135.5,43.38,7.83,3.7968313694000244
2025-02-16 13:00:00,1.6,20135.541666666668,43.38,7.83,4.446334362030029
2025-02-16 14:00:00,1.8,20135.583333333332,43.38,7.83,5.065661430358887
2025-02-16 15:00:00,1.0,20135.625,43.38,7.83,5.092992782592773
2025-02-16 18:00:00,1.0,20135.75,43.38,7.83,3.7267661094665527
2025-02-16 19:00:00,1.9,20135.791666666668,43.38,7.83,2.5584473609924316
2025-02-16 20:00:00,2.9,20135.833333333332,43.38,7.83,1.1583741903305054
2025-02-16 21:00:00,5.4,20135.875,43.38,7.83,2.5662026405334473
2025-02-16 22:00:00,6.5,20135.916666666668,43.38,7.83,5.232099533081055
2025-02-16 23:00:00,6.5,20135.958333333332,43.38,7.83,6.421442985534668
2025-02-17 00:00:00,7.8,20136.0,43.38,7.83,7.065281867980957
2025-02-17 01:00:00,8.4,20136.041666666668,43.38,7.83,7.349008083343506
2025-02-17 02:00:00,8.9,20136.083333333332,43.38,7.83,7.326319694519043
2025-02-17 03:00:00,9.3,20136.125,43.38,7.83,7.121995449066162
2025-02-17 04:00:00,8.9,20136.166666666668,43.38,7.83,6.755507946014404
2025-02-17 05:00:00,8.6,20136.208333333332,43.38,7.83,6.345439434051514
2025-02-17 06:00:00,8.6,20136.25,43.38,7.83,6.175104141235352
2025-02-17 07:00:00,9.2,20136.291666666668,43.38,7.83,6.0410284996032715
2025-02-17 08:00:00,9.8,20136.333333333332,43.38,7.83,6.28695011138916
2025-02-17 09:00:00,9.7,20136.375,43.38,7.83,6.78438138961792
2025-02-17 10:00:00,10.2,20136.416666666668,43.38,7.83,6.03894567489624
2025-02-17 11:00:00,10.3,20136.458333333332,43.38,7.83,5.949346542358398
2025-02-17 12:00:00,9.2,20136.5,43.38,7.83,5.931351661682129
2025-02-17 13:00:00,9.0,20136.541666666668,43.38,7.83,6.280439376831055
2025-02-17 14:00:00,9.0,20136.583333333332,43.38,7.83,6.880489349365234
2025-02-17 15:00:00,8.6,20136.625,43.38,7.83,7.416024684906006
2025-02-17 16:00:00,8.6,20136.666666666668,43.38,7.83,7.309508800506592
2025-02-17 17:00:00,8.6,20136.708333333332,43.38,7.83,6.974652290344238
2025-02-17 18:00:00,8.4,20136.75,43.38,7.83,6.729519844055176
2025-02-17 19:00:00,7.9,20136.791666666668,43.38,7.83,6.727260589599609
2025-02-17 20:00:00,8.1,20136.833333333332,43.38,7.83,6.582347869873047
2025-02-17 21:00:00,7.7,20136.875,43.38,7.83,6.485262870788574
2025-02-17 22:00:00,7.9,20136.916666666668,43.38,7.83,5.792210102081299
2025-02-17 23:00:00,7.4,20136.958333333332,43.38,7.83,5.873218059539795
2025-02-18 00:00:00,7.6,20137.0,43.38,7.83,5.683088779449463
2025-02-18 01:00:00,6.8,20137.041666666668,43.38,7.83,5.773314476013184
2025-02-18 02:00:00,6.9,20137.083333333332,43.38,7.83,5.714457035064697
2025-02-18 03:00:00,7.1,20137.125,43.38,7.83,5.486461162567139
2025-02-18 04:00:00,6.2,20137.166666666668,43.38,7.83,4.6166839599609375
2025-02-18 05:00:00,6.4,20137.208333333332,43.38,7.83,4.33178186416626
2025-02-18 06:00:00,6.6,20137.25,43.38,7.83,4.43569803237915
2025-02-18 07:00:00,6.0,20137.291666666668,43.38,7.83,4.457865238189697
2025-02-18 08:00:00,6.4,20137.333333333332,43.38,7.83,4.550849437713623
2025-02-18 09:00:00,6.1,20137.375,43.38,7.83,4.584977149963379
2025-02-18 10:00:00,6.3,20137.416666666668,43.38,7.83,5.174205780029297
2025-02-18 11:00:00,6.3,20137.458333333332,43.38,7.83,5.386611461639404
2025-02-18 12:00:00,6.1,20137.5,43.38,7.83,4.903303146362305
2025-02-18 13:00:00,5.1,20137.541666666668,43.38,7.83,4.37333869934082
2025-02-18 14:00:00,4.9,20137.583333333332,43.38,7.83,4.036794662475586
2025-02-18 15:00:00,4.8,20137.625,43.38,7.83,4.186863899230957
2025-02-18 16:00:00,5.2,20137.666666666668,43.38,7.83,4.644371509552002
2025-02-18 17:00:00,5.6,20137.708333333332,43.38,7.83,5.117531776428223
2025-02-18 18:00:00,6.1,20137.75,43.38,7.83,5.562131404876709
2025-02-18 19:00:00,7.1,20137.791666666668,43.38,7.83,6.208148002624512
2025-02-18 20:00:00,8.0,20137.833333333332,43.38,7.83,6.905866622924805
2025-02-18 21:00:00,8.6,20137.875,43.38,7.83,7.400532245635986
2025-02-18 22:00:00,8.6,20137.916666666668,43.38,7.83,6.662082672119141
2025-02-18 23:00:00,8.8,20137.958333333332,43.38,7.83,7.741265296936035
2025-02-19 00:00:00,9.5,20138.0,43.38,7.83,8.346485137939453
2025-02-19 01:00:00,9.7,20138.041666666668,43.38,7.83,8.299053192138672
2025-02-19 02:00:00,9.2,20138.083333333332,43.38,7.83,8.381574630737305
2025-02-19 03:00:00,9.4,20138.125,43.38,7.83,8.764673233032227
2025-02-19 04:00:00,9.2,20138.166666666668,43.38,7.83,9.065335273742676
2025-02-19 05:00:00,9.5,20138.208333333332,43.38,7.83,9.183368682861328
2025-02-19 06:00:00,9.2,20138.25,43.38,7.83,9.128201484680176
2025-02-19 07:00:00,10.2,20138.291666666668,43.38,7.83,9.170742988586426
2025-02-19 08:00:00,10.7,20138.333333333332,43.38,7.83,9.363139152526855
2025-02-19 09:00:00,11.0,20138.375,43.38,7.83,9.603484153747559
2025-02-19 10:00:00,11.6,20138.416666666668,43.38,7.83,9.099983215332031
2025-02-19 11:00:00,11.8,20138.458333333332,43.38,7.83,8.992198944091797
2025-02-19 12:00:00,11.6,20138.5,43.38,7.83,8.846822738647461
2025-02-19 13:00:00,11.7,20138.541666666668,43.38,7.83,9.063318252563477
2025-02-19 14:00:00,11.3,20138.583333333332,43.38,7.83,8.960564613342285
2025-02-19 15:00:00,11.6,20138.625,43.38,7.83,8.784966468811035
2025-02-19 16:00:00,11.1,20138.666666666668,43.38,7.83,8.65859317779541
2025-02-19 17:00:00,10.8,20138.708333333332,43.38,7.83,8.502154350280762
2025-02-19 18:00:00,10.4,20138.75,43.38,7.83,8.384659767150879
2025-02-19 21:00:00,,20138.875,43.38,7.83,7.949868679046631
2025-02-20 00:00:00,9.3,20139.0,43.38,7.83,6.940813064575195
2025-02-20 01:00:00,9.3,20139.041666666668,43.38,7.83,6.585917949676514
2025-02-20 02:00:00,8.6,20139.083333333332,43.38,7.83,6.509483814239502
2025-02-20 03:00:00,9.0,20139.125,43.38,7.83,6.654202461242676
2025-02-20 04:00:00,8.5,20139.166666666668,43.38,7.83,6.522730827331543
2025-02-20 05:00:00,8.4,20139.208333333332,43.38,7.83,6.300719261169434
2025-02-20 06:00:00,8.0,20139.25,43.38,7.83,6.508657455444336
2025-02-20 07:00:00,8.2,20139.291666666668,43.38,7.83,6.746054172515869
2025-02-20 08:00:00,9.0,20139.333333333332,43.38,7.83,6.877556800842285
2025-02-20 09:00:00,8.8,20139.375,43.38,7.83,6.914857864379883
2025-02-20 10:00:00,8.6,20139.416666666668,43.38,7.83,6.031656265258789
2025-02-20 11:00:00,8.7,20139.458333333332,43.38,7.83,5.88731575012207
2025-02-20 12:00:00,8.4,20139.5,43.38,7.83,6.783356666564941
2025-02-20 13:00:00,7.5,20139.541666666668,43.38,7.83,7.193874359130859
2025-02-20 14:00:00,6.8,20139.583333333332,43.38,7.83,6.856242656707764
2025-02-20 15:00:00,5.9,20139.625,43.38,7.83,6.681844234466553
2025-02-20 16:00:00,5.8,20139.666666666668,43.38,7.83,6.415136337280273
2025-02-20 17:00:00,5.8,20139.708333333332,43.38,7.83,6.178547382354736
2025-02-20 18:00:00,6.2,20139.75,43.38,7.83,5.936625957489014
2025-02-20 19:00:00,6.0,20139.791666666668,43.38,7.83,5.661498069763184
2025-02-20 20:00:00,6.6,20139.833333333332,43.38,7.83,5.447103977203369
2025-02-20 21:00:00,6.5,20139.875,43.38,7.83,5.396881103515625
2025-02-20 22:00:00,,20139.916666666668,43.38,7.83,6.417217254638672
2025-02-20 23:00:00,7.9,20139.958333333332,43.38,7.83,6.502810955047607
2025-02-21 00:00:00,8.2,20140.0,43.38,7.83,6.399817943572998
2025-02-21 01:00:00,8.2,20140.041666666668,43.38,7.83,6.469404697418213
2025-02-21 02:00:00,8.1,20140.083333333332,43.38,7.83,6.834245681762695
2025-02-21 03:00:00,8.2,20140.125,43.38,7.83,7.1519269943237305
2025-02-21 04:00:00,8.0,20140.166666666668,43.38,7.83,7.225003719329834
2025-02-21 05:00:00,8.1,20140.208333333332,43.38,7.83,7.228720188140869
2025-02-21 06:00:00,8.2,20140.25,43.38,7.83,7.089711666107178
2025-02-21 07:00:00,7.9,20140.291666666668,43.38,7.83,6.886336326599121
2025-02-21 08:00:00,7.6,20140.333333333332,43.38,7.83,7.341041564941406
2025-02-21 09:00:00,7.2,20140.375,43.38,7.83,7.663536071777344
2025-02-21 10:00:00,7.7,20140.416666666668,43.38,7.83,7.949804306030273
2025-02-21 11:00:00,6.3,20140.458333333332,43.38,7.83,7.802759170532227
2025-02-21 12:00:00,5.9,20140.5,43.38,7.83,7.48617696762085
2025-02-21 13:00:00,6.0,20140.541666666668,43.38,7.83,7.4367523193359375
2025-02-21 14:00:00,6.4,20140.583333333332,43.38,7.83,7.2889885902404785
2025-02-21 15:00:00,6.6,20140.625,43.38,7.83,7.0798797607421875
2025-02-21 16:00:00,6.3,20140.666666666668,43.38,7.83,6.585899353027344
2025-02-21 17:00:00,6.7,20140.708333333332,43.38,7.83,6.639655590057373
2025-02-21 18:00:00,5.9,20140.75,43.38,7.83,7.166282653808594
2025-02-21 19:00:00,5.7,20140.791666666668,43.38,7.83,7.141794681549072
2025-02-21 20:00:00,5.9,20140.833333333332,43.38,7.83,6.484128475189209
2025-02-21 21:00:00,6.5,20140.875,43.38,7.83,6.11248254776001
2025-02-21 22:00:00,5.6,20140.916666666668,43.38,7.83,5.8563714027404785
2025-02-21 23:00:00,7.2,20140.958333333332,43.38,7.83,6.105560779571533
2025-02-22 00:00:00,7.9,20141.0,43.38,7.83,6.484706401824951
2025-02-22 01:00:00,7.9,20141.041666666668,43.38,7.83,6.598043441772461
2025-02-22 02:00:00,6.9,20141.083333333332,43.38,7.83,6.702081680297852
2025-02-22 03:00:00,6.3,20141.125,43.38,7.83,6.561838626861572
2025-02-22 04:00:00,5.7,20141.166666666668,43.38,7.83,5.954413890838623
2025-02-22 05:00:00,4.5,20141.208333333332,43.38,7.83,4.995787620544434
2025-02-22 06:00:00,4.5,20141.25,43.38,7.83,4.561672210693359
2025-02-22 07:00:00,5.2,20141.291666666668,43.38,7.83,4.616710186004639
2025-02-22 08:00:00,4.9,20141.333333333332,43.38,7.83,4.6640167236328125
2025-02-22 09:00:00,5.6,20141.375,43.38,7.83,5.207915782928467
2025-02-22 10:00:00,5.6,20141.416666666668,43.38,7.83,3.661649465560913
2025-02-22 11:00:00,5.1,20141.458333333332,43.38,7.83,3.688023328781128
2025-02-22 12:00:00,6.0,20141.5,43.38,7.83,3.65891695022583
2025-02-22 13:00:00,5.6,20141.541666666668,43.38,7.83,3.3359391689300537
2025-02-22 14:00:00,4.9,20141.583333333332,43.38,7.83,3.470557451248169
2025-02-22 15:00:00,4.7,20141.625,43.38,7.83,4.1135101318359375
2025-02-22 16:00:00,5.4,20141.666666666668,43.38,7.83,4.6237077713012695
2025-02-22 17:00:00,6.2,20141.708333333332,43.38,7.83,4.804909706115723
2025-02-22 18:00:00,6.1,20141.75,43.38,7.83,5.0009684562683105
2025-02-22 19:00:00,6.1,20141.791666666668,43.38,7.83,5.240420818328857
2025-02-22 20:00:00,5.7,20141.833333333332,43.38,7.83,5.452236652374268
2025-02-22 21:00:00,5.8,20141.875,43.38,7.83,5.371251106262207
2025-02-22 23:00:00,6.6,20141.958333333332,43.38,7.83,5.023437023162842
2025-02-23 00:00:00,7.3,20142.0,43.38,7.83,5.397572994232178
2025-02-23 01:00:00,7.8,20142.041666666668,43.38,7.83,5.617888450622559
2025-02-23 02:00:00,7.4,20142.083333333332,43.38,7.83,5.533714771270752
2025-02-23 03:00:00,7.4,20142.125,43.38,7.83,5.419532299041748
2025-02-23 04:00:00,6.7,20142.166666666668,43.38,7.83,5.680669784545898
2025-02-23 05:00:00,6.4,20142.208333333332,43.38,7.83,5.6270856857299805
2025-02-23 06:00:00,6.0,20142.25,43.38,7.83,4.968769550323486
2025-02-23 07:00:00,6.1,20142.291666666668,43.38,7.83,4.448657989501953
2025-02-23 08:00:00,5.8,20142.333333333332,43.38,7.83,4.2196125984191895
2025-02-23 09:00:00,6.1,20142.375,43.38,7.83,3.8118977546691895
2025-02-23 10:00:00,5.4,20142.416666666668,43.38,7.83,3.6522319316864014
2025-02-23 11:00:00,5.2,20142.458333333332,43.38,7.83,2.6260454654693604
2025-02-23 12:00:00,4.1,20142.5,43.38,7.83,2.250929832458496
2025-02-23 13:00:00,3.0,20142.541666666668,43.38,7.83,2.327155113220215
2025-02-23 14:00:00,2.1,20142.583333333332,43.38,7.83,2.425980806350708
2025-02-23 15:00:00,1.8,20142.625,43.38,7.83,2.12859845161438
2025-02-23 16:00:00,0.7,20142.666666666668,43.38,7.83,1.4976959228515625
2025-02-23 17:00:00,0.7,20142.708333333332,43.38,7.83,0.9835808873176575
2025-02-23 18:00:00,1.5,20142.75,43.38,7.83,0.7462201118469238
2025-02-23 19:00:00,1.0,20142.791666666668,43.38,7.83,0.8150941133499146
2025-02-23 20:00:00,1.8,20142.833333333332,43.38,7.83,1.1117979288101196
2025-02-23 21:00:00,1.5,20142.875,43.38,7.83,1.7882251739501953
2025-02-23 22:00:00,2.6,20142.916666666668,43.38,7.83,2.5383589267730713
2025-02-23 23:00:00,2.1,20142.958333333332,43.38,7.83,2.6517093181610107
2025-02-24 00:00:00,1.5,20143.0,43.38,7.83,2.6904499530792236
2025-02-24 01:00:00,2.3,20143.041666666668,43.38,7.83,2.6597602367401123
2025-02-24 02:00:00,2.3,20143.083333333332,43.38,7.83,2.779921770095825
2025-02-24 03:00:00,3.4,20143.125,43.38,7.83,3.0226144790649414
2025-02-24 04:00:00,3.0,20143.166666666668,43.38,7.83,3.5855324268341064
2025-02-24 05:00:00,2.7,20143.208333333332,43.38,7.83,3.8911855220794678
2025-02-24 06:00:00,3.1,20143.25,43.38,7.83,4.671840667724609
2025-02-24 07:00:00,4.2,20143.291666666668,43.38,7.83,4.84047269821167
2025-02-24 08:00:00,3.6,20143.333333333332,43.38,7.83,4.708093166351318
2025-02-24 09:00:00,3.3,20143.375,43.38,7.83,4.380795478820801
2025-02-24 10:00:00,3.4,20143.416666666668,43.38,7.83,3.298762559890747
2025-02-24 11:00:00,3.7,20143.458333333332,43.38,7.83,3.7203876972198486
2025-02-24 12:00:00,3.4,20143.5,43.38,7.83,4.551117420196533
2025-02-24 13:00:00,4.7,20143.541666666668,43.38,7.83,4.919950485229492
2025-02-24 14:00:00,4.9,20143.583333333332,43.38,7.83,4.958055019378662
2025-02-24 15:00:00,5.4,20143.625,43.38,7.83,5.3073601722717285
2025-02-24 16:00:00,4.5,20143.666666666668,43.38,7.83,5.613743782043457
2025-02-24 17:00:00,4.7,20143.708333333332,43.38,7.83,5.481186866760254
2025-02-24 18:00:00,5.1,20143.75,43.38,7.83,5.633531093597412
2025-02-24 19:00:00,4.7,20143.791666666668,43.38,7.83,6.206537246704102
2025-02-24 20:00:00,4.9,20143.833333333332,43.38,7.83,6.201788425445557
2025-02-24 21:00:00,6.6,20143.875,43.38,7.83,5.775021553039551
2025-02-24 22:00:00,6.7,20143.916666666668,43.38,7.83,5.778909206390381
2025-02-24 23:00:00,6.9,20143.958333333332,43.38,7.83,5.89664888381958
2025-02-25 00:00:00,7.3,20144.0,43.38,7.83,6.054975986480713
2025-02-25 01:00:00,7.1,20144.041666666668,43.38,7.83,6.197177410125732
2025-02-25 02:00:00,7.6,20144.083333333332,43.38,7.83,6.343378067016602
2025-02-25 03:00:00,6.8,20144.125,43.38,7.83,5.870243072509766
2025-02-25 04:00:00,6.1,20144.166666666668,43.38,7.83,5.926585674285889
2025-02-25 05:00:00,6.2,20144.208333333332,43.38,7.83,6.099343299865723
2025-02-25 06:00:00,4.8,20144.25,43.38,7.83,6.2353715896606445
2025-02-25 07:00:00,5.2,20144.291666666668,43.38,7.83,5.944128513336182
2025-02-25 08:00:00,4.6,20144.333333333332,43.38,7.83,5.673656463623047
2025-02-25 09:00:00,5.5,20144.375,43.38,7.83,5.457014560699463
2025-02-25 12:00:00,5.3,20144.5,43.38,7.83,5.0492730140686035
2025-02-25 13:00:00,5.9,20144.541666666668,43.38,7.83,5.4369964599609375
2025-02-25 14:00:00,3.4,20144.583333333332,43.38,7.83,5.679894924163818
2025-02-25 15:00:00,4.7,20144.625,43.38,7.83,5.719123840332031
2025-02-25 16:00:00,3.6,20144.666666666668,43.38,7.83,5.883606910705566
2025-02-25 17:00:00,3.7,20144.708333333332,43.38,7.83,6.006424427032471
2025-02-25 18:00:00,4.1,20144.75,43.38,7.83,6.182017803192139
2025-02-25 19:00:00,5.6,20144.791666666668,43.38,7.83,6.670691013336182
2025-02-25 20:00:00,6.6,20144.833333333332,43.38,7.83,6.847123622894287
2025-02-25 21:00:00,7.4,20144.875,43.38,7.83,6.282871723175049
2025-02-25 22:00:00,8.7,20144.916666666668,43.38,7.83,6.6513590812683105
2025-02-25 23:00:00,8.2,20144.958333333332,43.38,7.83,5.609472274780273
2025-02-26 00:00:00,6.3,20145.0,43.38,7.83,4.159753799438477
2025-02-26 01:00:00,7.0,20145.041666666668,43.38,7.83,2.3169326782226562
2025-02-26 02:00:00,4.5,20145.083333333332,43.38,7.83,1.9867184162139893
2025-02-26 03:00:00,1.7,20145.125,43.38,7.83,3.1126766204833984
2025-02-26 04:00:00,5.3,20145.166666666668,43.38,7.83,3.847503662109375
2025-02-26 05:00:00,7.0,20145.208333333332,43.38,7.83,3.8391079902648926
2025-02-26 06:00:00,8.8,20145.25,43.38,7.83,3.757517099380493
2025-02-26 07:00:00,8.4,20145.291666666668,43.38,7.83,3.467423439025879
2025-02-26 08:00:00,9.6,20145.333333333332,43.38,7.83,2.768904209136963
2025-02-26 09:00:00,5.9,20145.375,43.38,7.83,1.698475956916809
2025-02-26 10:00:00,5.7,20145.416666666668,43.38,7.83,1.9278056621551514
2025-02-26 11:00:00,6.4,20145.458333333332,43.38,7.83,2.754457950592041
2025-02-26 12:00:00,5.0,20145.5,43.38,7.83,3.734537363052368
2025-02-26 13:00:00,3.1,20145.541666666668,43.38,7.83,3.852029800415039
2025-02-26 14:00:00,3.1,20145.583333333332,43.38,7.83,3.5518040657043457
2025-02-26 15:00:00,4.3,20145.625,43.38,7.83,4.293693542480469
2025-02-26 16:00:00,6.6,20145.666666666668,43.38,7.83,4.010013580322266
2025-02-26 17:00:00,6.4,20145.708333333332,43.38,7.83,3.505169153213501
2025-02-26 18:00:00,6.6,20145.75,43.38,7.83,3.1915557384490967
2025-02-26 19:00:00,5.1,20145.791666666668,43.38,7.83,2.2131590843200684
2025-02-26 20:00:00,3.2,20145.833333333332,43.38,7.83,0.5492218136787415
2025-02-26 21:00:00,1.7,20145.875,43.38,7.83,1.0450688600540161
2025-02-26 22:00:00,1.4,20145.916666666668,43.38,7.83,0.9541611671447754
2025-02-26 23:00:00,0.5,20145.958333333332,43.38,7.83,0.2729584574699402
2025-02-27 00:00:00,1.3,20146.0,43.38,7.83,1.6521718502044678
2025-02-27 01:00:00,1.4,20146.041666666668,43.38,7.83,1.931301236152649
2025-02-27 02:00:00,1.8,20146.083333333332,43.38,7.83,1.3438094854354858
2025-02-27 03:00:00,0.9,20146.125,43.38,7.83,0.8587384819984436
2025-02-27 04:00:00,1.7,20146.166666666668,43.38,7.83,0.307098388671875
2025-02-27 05:00:00,1.1,20146.208333333332,43.38,7.83,0.7362430095672607
2025-02-27 06:00:00,0.9,20146.25,43.38,7.83,1.5654433965682983
2025-02-27 07:00:00,2.3,20146.291666666668,43.38,7.83,1.7295284271240234
2025-02-27 08:00:00,1.8,20146.333333333332,43.38,7.83,1.3744646310806274
2025-02-27 09:00:00,1.8,20146.375,43.38,7.83,1.3325746059417725
2025-02-27 10:00:00,2.1,20146.416666666668,43.38,7.83,1.414406657218933
2025-02-27 11:00:00,2.3,20146.458333333332,43.38,7.83,1.972697138786316
2025-02-27 12:00:00,4.6,20146.5,43.38,7.83,3.163935661315918
2025-02-27 13:00:00,4.5,20146.541666666668,43.38,7.83,3.64060640335083
2025-02-27 14:00:00,3.9,20146.583333333332,43.38,7.83,3.2285006046295166
2025-02-27 15:00:00,2.6,20146.625,43.38,7.83,2.6528513431549072
2025-02-27 16:00:00,2.6,20146.666666666668,43.38,7.83,2.5496506690979004
2025-02-27 17:00:00,3.4,20146.708333333332,43.38,7.83,2.2390565872192383
2025-02-27 18:00:00,3.1,20146.75,43.38,7.83,1.062647819519043
2025-02-27 19:00:00,2.9,20146.791666666668,43.38,7.83,0.5970739126205444
2025-02-27 20:00:00,2.8,20146.833333333332,43.38,7.83,1.1246752738952637
2025-02-27 21:00:00,2.1,20146.875,43.38,7.83,1.7299931049346924
2025-02-27 22:00:00,6.5,20146.916666666668,43.38,7.83,3.495359420776367
2025-02-27 23:00:00,6.3,20146.958333333332,43.38,7.83,3.8390772342681885
2025-02-28 00:00:00,6.5,20147.0,43.38,7.83,3.264655828475952
2025-02-28 01:00:00,5.7,20147.041666666668,43.38,7.83,3.577702760696411
2025-02-28 02:00:00,5.7,20147.083333333332,43.38,7.83,4.479548931121826
2025-02-28 03:00:00,6.6,20147.125,43.38,7.83,5.068170547485352
2025-02-28 04:00:00,6.0,20147.166666666668,43.38,7.83,5.079874038696289
2025-02-28 05:00:00,6.2,20147.208333333332,43.38,7.83,4.892805099487305
2025-02-28 06:00:00,5.7,20147.25,43.38,7.83,4.891623497009277
2025-02-28 07:00:00,6.3,20147.291666666668,43.38,7.83,4.978816032409668
2025-02-28 08:00:00,6.9,20147.333333333332,43.38,7.83,4.990712642669678
2025-02-28 09:00:00,5.0,20147.375,43.38,7.83,4.923925876617432
2025-02-28 10:00:00,4.2,20147.416666666668,43.38,7.83,3.790435791015625
2025-02-28 11:00:00,4.3,20147.458333333332,43.38,7.83,2.824342727661133
2025-02-28 12:00:00,3.8,20147.5,43.38,7.83,2.4750545024871826
2025-02-28 13:00:00,4.2,20147.541666666668,43.38,7.83,2.752863883972168
2025-02-28 14:00:00,7.6,20147.583333333332,43.38,7.83,3.368610382080078
2025-02-28 15:00:00,7.8,20147.625,43.38,7.83,4.017425060272217
2025-02-28 16:00:00,7.6,20147.666666666668,43.38,7.83,4.178034782409668
2025-02-28 17:00:00,8.0,20147.708333333332,43.38,7.83,4.294341564178467
2025-02-28 18:00:00,8.0,20147.75,43.38,7.83,4.361770153045654
2025-02-28 19:00:00,7.0,20147.791666666668,43.38,7.83,4.1723713874816895
2025-02-28 20:00:00,6.0,20147.833333333332,43.38,7.83,3.957458257675171
2025-02-28 21:00:00,5.1,20147.875,43.38,7.83,4.302903652191162
2025-02-28 22:00:00,5.9,20147.916666666668,43.38,7.83,4.088421821594238
2025-02-28 23:00:00,6.9,20147.958333333332,43.38,7.83,4.978791236877441
2025-03-01 00:00:00,6.7,20148.0,43.38,7.83,6.031671524047852
2025-03-01 01:00:00,6.4,20148.041666666668,43.38,7.83,6.795116424560547
2025-03-01 02:00:00,7.4,20148.083333333332,43.38,7.83,6.919941425323486
2025-03-01 03:00:00,7.8,20148.125,43.38,7.83,7.17968225479126
2025-03-01 04:00:00,7.8,20148.166666666668,43.38,7.83,7.396761894226074
2025-03-01 05:00:00,8.3,20148.208333333332,43.38,7.83,7.845975875854492
2025-03-01 06:00:00,9.0,20148.25,43.38,7.83,8.256950378417969
2025-03-01 07:00:00,10.4,20148.291666666668,43.38,7.83,8.612241744995117
2025-03-01 08:00:00,10.6,20148.333333333332,43.38,7.83,9.014227867126465
2025-03-01 09:00:00,11.4,20148.375,43.38,7.83,9.634562492370605
2025-03-01 10:00:00,11.1,20148.416666666668,43.38,7.83,10.047283172607422
2025-03-01 11:00:00,11.9,20148.458333333332,43.38,7.83,10.996268272399902
2025-03-01 12:00:00,12.8,20148.5,43.38,7.83,11.629349708557129
2025-03-01 13:00:00,12.6,20148.541666666668,43.38,7.83,11.79443359375
2025-03-01 14:00:00,13.0,20148.583333333332,43.38,7.83,11.89443588256836
2025-03-01 15:00:00,13.2,20148.625,43.38,7.83,11.95078182220459
2025-03-01 16:00:00,14.3,20148.666666666668,43.38,7.83,11.661362648010254
2025-03-01 17:00:00,14.7,20148.708333333332,43.38,7.83,11.49266242980957
2025-03-01 18:00:00,13.1,20148.75,43.38,7.83,11.612920761108398
2025-03-01 19:00:00,14.2,20148.791666666668,43.38,7.83,11.929401397705078
2025-03-01 20:00:00,14.8,20148.833333333332,43.38,7.83,11.975099563598633
2025-03-01 21:00:00,14.6,20148.875,43.38,7.83,12.026246070861816
2025-03-01 22:00:00,13.2,20148.916666666668,43.38,7.83,10.982057571411133
2025-03-01 23:00:00,13.7,20148.958333333332,43.38,7.83,11.999691009521484
2025-03-02 00:00:00,14.1,20149.0,43.38,7.83,12.277547836303711
2025-03-02 01:00:00,14.5,20149.041666666668,43.38,7.83,12.794031143188477
2025-03-02 02:00:00,13.8,20149.083333333332,43.38,7.83,12.176323890686035
2025-03-02 03:00:00,13.2,20149.125,43.38,7.83,12.096479415893555
2025-03-02 04:00:00,14.0,20149.166666666668,43.38,7.83,12.394868850708008
2025-03-02 05:00:00,14.3,20149.208333333332,43.38,7.83,12.677299499511719
2025-03-02 06:00:00,15.3,20149.25,43.38,7.83,12.773476600646973
2025-03-02 07:00:00,14.6,20149.291666666668,43.38,7.83,12.7748384475708
2025-03-02 08:00:00,16.1,20149.333333333332,43.38,7.83,12.981958389282227
2025-03-02 09:00:00,14.6,20149.375,43.38,7.83,13.1497802734375
2025-03-02 10:00:00,14.7,20149.416666666668,43.38,7.83,11.84567928314209
2025-03-02 11:00:00,14.1,20149.458333333332,43.38,7.83,11.917205810546875
2025-03-02 12:00:00,14.6,20149.5,43.38,7.83,11.35911750793457
2025-03-02 13:00:00,13.3,20149.541666666668,43.38,7.83,11.310647010803223
2025-03-02 14:00:00,12.7,20149.583333333332,43.38,7.83,11.492105484008789
2025-03-02 15:00:00,12.1,20149.625,43.38,7.83,11.941617965698242
2025-03-02 16:00:00,11.5,20149.666666666668,43.38,7.83,11.89873218536377
2025-03-02 17:00:00,11.6,20149.708333333332,43.38,7.83,11.499848365783691
2025-03-02 18:00:00,12.9,20149.75,43.38,7.83,11.071257591247559
2025-03-02 19:00:00,12.0,20149.791666666668,43.38,7.83,10.496088027954102
2025-03-02 20:00:00,11.8,20149.833333333332,43.38,7.83,10.118913650512695
2025-03-02 21:00:00,11.7,20149.875,43.38,7.83,9.460963249206543
2025-03-02 22:00:00,11.0,20149.916666666668,43.38,7.83,8.622632026672363
2025-03-02 23:00:00,10.6,20149.958333333332,43.38,7.83,8.60728645324707
2025-03-03 00:00:00,11.9,20150.0,43.38,7.83,8.914837837219238
2025-03-03 01:00:00,12.7,20150.041666666668,43.38,7.83,9.286930084228516
2025-03-03 02:00:00,12.5,20150.083333333332,43.38,7.83,9.555960655212402
2025-03-03 03:00:00,11.9,20150.125,43.38,7.83,9.786429405212402
2025-03-03 04:00:00,12.2,20150.166666666668,43.38,7.83,9.635075569152832
2025-03-03 05:00:00,11.7,20150.208333333332,43.38,7.83,9.272388458251953
2025-03-03 06:00:00,11.3,20150.25,43.38,7.83,8.863147735595703
2025-03-03 07:00:00,11.1,20150.291666666668,43.38,7.83,8.398168563842773
2025-03-03 08:00:00,10.8,20150.333333333332,43.38,7.83,8.008563041687012
2025-03-03 09:00:00,10.1,20150.375,43.38,7.83,7.929863452911377
2025-03-03 10:00:00,10.0,20150.416666666668,43.38,7.83,6.911441802978516
2025-03-03 11:00:00,8.9,20150.458333333332,43.38,7.83,6.8852763175964355
2025-03-03 12:00:00,8.3,20150.5,43.38,7.83,6.887326240539551
2025-03-03 13:00:00,8.0,20150.541666666668,43.38,7.83,6.864351272583008
2025-03-03 14:00:00,6.6,20150.583333333332,43.38,7.83,6.645432472229004
2025-03-03 15:00:00,7.0,20150.625,43.38,7.83,5.892819881439209
2025-03-03 16:00:00,7.0,20150.666666666668,43.38,7.83,5.044061183929443
2025-03-03 17:00:00,6.2,20150.708333333332,43.38,7.83,4.108723163604736
2025-03-03 18:00:00,7.5,20150.75,43.38,7.83,3.008275032043457
2025-03-03 19:00:00,5.9,20150.791666666668,43.38,7.83,2.2650487422943115
2025-03-03 20:00:00,3.9,20150.833333333332,43.38,7.83,2.4988272190093994
2025-03-03 21:00:00,4.2,20150.875,43.38,7.83,3.0444626808166504
2025-03-03 22:00:00,4.0,20150.916666666668,43.38,7.83,3.1491963863372803
2025-03-03 23:00:00,3.4,20150.958333333332,43.38,7.83,3.651621103286743
2025-03-04 00:00:00,4.9,20151.0,43.38,7.83,4.539373874664307
2025-03-04 01:00:00,7.1,20151.041666666668,43.38,7.83,5.15017032623291
2025-03-04 02:00:00,7.7,20151.083333333332,43.38,7.83,5.221898555755615
2025-03-04 03:00:00,8.0,20151.125,43.38,7.83,5.183992862701416
2025-03-04 04:00:00,8.5,20151.166666666668,43.38,7.83,5.142826080322266
2025-03-04 05:00:00,9.3,20151.208333333332,43.38,7.83,5.198350429534912
2025-03-04 06:00:00,8.2,20151.25,43.38,7.83,5.278738975524902
2025-03-04 07:00:00,9.0,20151.291666666668,43.38,7.83,5.477602005004883
2025-03-04 08:00:00,8.0,20151.333333333332,43.38,7.83,5.831597805023193
2025-03-04 12:00:00,,20151.5,43.38,7.83,7.456351280212402
2025-03-04 14:00:00,7.6,20151.583333333332,43.38,7.83,7.356520652770996
2025-03-04 15:00:00,7.8,20151.625,43.38,7.83,6.551042079925537
2025-03-04 16:00:00,7.5,20151.666666666668,43.38,7.83,5.621914386749268
2025-03-04 17:00:00,7.6,20151.708333333332,43.38,7.83,4.8493804931640625
2025-03-04 18:00:00,7.5,20151.75,43.38,7.83,4.374255657196045
2025-03-04 19:00:00,6.6,20151.791666666668,43.38,7.83,4.4091877937316895
2025-03-04 20:00:00,5.9,20151.833333333332,43.38,7.83,4.659769535064697
2025-03-04 21:00:00,5.1,20151.875,43.38,7.83,4.74860143661499
2025-03-04 22:00:00,7.0,20151.916666666668,43.38,7.83,4.533025741577148
2025-03-04 23:00:00,7.0,20151.958333333332,43.38,7.83,4.554941654205322
2025-03-05 00:00:00,6.0,20152.0,43.38,7.83,4.715508937835693
2025-03-05 01:00:00,6.7,20152.041666666668,43.38,7.83,5.111485004425049
2025-03-05 02:00:00,7.2,20152.083333333332,43.38,7.83,5.3749613761901855
2025-03-05 03:00:00,7.9,20152.125,43.38,7.83,5.557867050170898
2025-03-05 04:00:00,8.6,20152.166666666668,43.38,7.83,5.812037467956543
2025-03-05 05:00:00,9.2,20152.208333333332,43.38,7.83,5.957441806793213
2025-03-05 06:00:00,9.0,20152.25,43.38,7.83,6.189439296722412
2025-03-05 07:00:00,8.9,20152.291666666668,43.38,7.83,6.561504364013672
2025-03-05 08:00:00,9.0,20152.333333333332,43.38,7.83,6.998837947845459
2025-03-05 09:00:00,8.6,20152.375,43.38,7.83,7.244296073913574
2025-03-05 10:00:00,7.8,20152.416666666668,43.38,7.83,8.205655097961426
2025-03-05 12:00:00,8.7,20152.5,43.38,7.83,8.693094253540039
2025-03-05 14:00:00,8.4,20152.583333333332,43.38,7.83,8.284543991088867
2025-03-05 15:00:00,8.8,20152.625,43.38,7.83,7.699633598327637
2025-03-05 17:00:00,8.0,20152.708333333332,43.38,7.83,7.332433223724365
2025-03-05 18:00:00,7.3,20152.75,43.38,7.83,7.035210132598877
2025-03-05 19:00:00,7.6,20152.791666666668,43.38,7.83,6.90823221206665
2025-03-05 23:00:00,8.5,20152.958333333332,43.38,7.83,8.177309036254883
2025-03-06 01:00:00,8.3,20153.041666666668,43.38,7.83,7.964052200317383
2025-03-06 03:00:00,6.8,20153.125,43.38,7.83,7.832673072814941
2025-03-06 05:00:00,8.0,20153.208333333332,43.38,7.83,7.934731483459473
2025-03-06 06:00:00,8.7,20153.25,43.38,7.83,8.00457763671875
2025-03-06 07:00:00,8.8,20153.291666666668,43.38,7.83,8.166662216186523
2025-03-06 09:00:00,7.3,20153.375,43.38,7.83,8.592416763305664
2025-03-06 11:00:00,8.0,20153.458333333332,43.38,7.83,9.135965347290039
2025-03-06 17:00:00,8.1,20153.708333333332,43.38,7.83,9.023172378540039
2025-03-06 20:00:00,9.0,20153.833333333332,43.38,7.83,9.92067813873291
2025-03-06 22:00:00,9.0,20153.916666666668,43.38,7.83,9.212125778198242
2025-03-07 02:00:00,8.3,20154.083333333332,43.38,7.83,9.11032485961914
2025-03-07 03:00:00,8.7,20154.125,43.38,7.83,8.688647270202637
2025-03-07 04:00:00,8.0,20154.166666666668,43.38,7.83,8.364215850830078
2025-03-07 05:00:00,8.2,20154.208333333332,43.38,7.83,7.871119976043701
2025-03-07 06:00:00,7.8,20154.25,43.38,7.83,7.545392990112305
2025-03-07 07:00:00,8.5,20154.291666666668,43.38,7.83,7.486219882965088
2025-03-07 09:00:00,8.6,20154.375,43.38,7.83,7.808123588562012
2025-03-07 10:00:00,8.2,20154.416666666668,43.38,7.83,8.781609535217285
2025-03-07 13:00:00,8.1,20154.541666666668,43.38,7.83,8.388830184936523
2025-03-07 14:00:00,6.8,20154.583333333332,43.38,7.83,8.044129371643066
2025-03-07 15:00:00,6.1,20154.625,43.38,7.83,7.3974833488464355
2025-03-07 17:00:00,6.3,20154.708333333332,43.38,7.83,6.3850812911987305
2025-03-07 19:00:00,4.2,20154.791666666668,43.38,7.83,5.606283664703369
2025-03-07 22:00:00,6.2,20154.916666666668,43.38,7.83,5.82150936126709
2025-03-07 23:00:00,7.6,20154.958333333332,43.38,7.83,6.46833610534668
2025-03-08 01:00:00,,20155.041666666668,43.38,7.83,6.524985313415527
2025-03-08 05:00:00,7.9,20155.208333333332,43.38,7.83,6.0773773193359375
2025-03-08 07:00:00,7.6,20155.291666666668,43.38,7.83,5.97609281539917
2025-03-08 09:00:00,7.6,20155.375,43.38,7.83,7.004697799682617
2025-03-08 10:00:00,8.5,20155.416666666668,43.38,7.83,7.152837753295898
2025-03-08 13:00:00,7.0,20155.541666666668,43.38,7.83,7.623980522155762
2025-03-08 14:00:00,6.7,20155.583333333332,43.38,7.83,7.40535831451416
2025-03-08 15:00:00,5.2,20155.625,43.38,7.83,6.993791103363037
2025-03-08 16:00:00,4.5,20155.666666666668,43.38,7.83,6.4256978034973145
2025-03-08 17:00:00,4.8,20155.708333333332,43.38,7.83,5.582704544067383
2025-03-08 18:00:00,4.8,20155.75,43.38,7.83,5.216428279876709
2025-03-08 19:00:00,5.7,20155.791666666668,43.38,7.83,5.238242149353027
2025-03-08 21:00:00,5.9,20155.875,43.38,7.83,6.087167739868164
2025-03-08 22:00:00,5.6,20155.916666666668,43.38,7.83,5.981255054473877
2025-03-09 00:00:00,7.7,20156.0,43.38,7.83,7.239121437072754
2025-03-09 01:00:00,8.1,20156.041666666668,43.38,7.83,8.396958351135254
2025-03-09 02:00:00,8.8,20156.083333333332,43.38,7.83,8.878774642944336
2025-03-09 04:00:00,10.7,20156.166666666668,43.38,7.83,8.877555847167969
2025-03-09 07:00:00,11.1,20156.291666666668,43.38,7.83,10.504216194152832
2025-03-09 10:00:00,11.2,20156.416666666668,43.38,7.83,12.080436706542969
2025-03-09 11:00:00,11.6,20156.458333333332,43.38,7.83,12.665363311767578
2025-03-09 13:00:00,13.7,20156.541666666668,43.38,7.83,12.363950729370117
2025-03-09 19:00:00,14.1,20156.791666666668,43.38,7.83,12.572649002075195
2025-03-09 20:00:00,13.1,20156.833333333332,43.38,7.83,11.178678512573242
2025-03-09 21:00:00,11.5,20156.875,43.38,7.83,6.026678085327148
2025-03-09 22:00:00,8.1,20156.916666666668,43.38,7.83,2.817333698272705
2025-03-10 00:00:00,5.9,20157.0,43.38,7.83,3.128852605819702
2025-03-10 03:00:00,6.9,20157.125,43.38,7.83,3.136284828186035
2025-03-10 05:00:00,4.8,20157.208333333332,43.38,7.83,2.9458889961242676
2025-03-10 06:00:00,3.2,20157.25,43.38,7.83,2.7467193603515625
2025-03-10 07:00:00,3.5,20157.291666666668,43.38,7.83,2.4162189960479736
2025-03-10 12:00:00,2.3,20157.5,43.38,7.83,2.7723946571350098
2025-03-10 13:00:00,3.4,20157.541666666668,43.38,7.83,3.0554416179656982
2025-03-10 16:00:00,1.7,20157.666666666668,43.38,7.83,2.9962573051452637
2025-03-10 18:00:00,1.9,20157.75,43.38,7.83,2.304189443588257
2025-03-10 19:00:00,4.3,20157.791666666668,43.38,7.83,1.1122695207595825
2025-03-10 22:00:00,4.3,20157.916666666668,43.38,7.83,2.302530288696289
2025-03-10 23:00:00,3.2,20157.958333333332,43.38,7.83,2.516777515411377
2025-03-11 03:00:00,5.9,20158.125,43.38,7.83,2.5293595790863037
2025-03-11 05:00:00,5.6,20158.208333333332,43.38,7.83,1.6047800779342651
2025-03-11 06:00:00,3.9,20158.25,43.38,7.83,2.062256097793579
2025-03-11 07:00:00,2.2,20158.291666666668,43.38,7.83,2.589524745941162
2025-03-11 08:00:00,2.8,20158.333333333332,43.38,7.83,2.628939628601074
2025-03-11 09:00:00,4.1,20158.375,43.38,7.83,2.2617599964141846
2025-03-11 10:00:00,7.1,20158.416666666668,43.38,7.83,2.650141477584839
2025-03-11 12:00:00,4.9,20158.5,43.38,7.83,0.9576418399810791
2025-03-11 13:00:00,3.8,20158.541666666668,43.38,7.83,0.7187649011611938
2025-03-11 15:00:00,2.3,20158.625,43.38,7.83,0.5546125769615173
2025-03-11 19:00:00,7.1,20158.791666666668,43.38,7.83,3.8248233795166016
2025-03-11 21:00:00,9.9,20158.875,43.38,7.83,6.401327610015869
2025-03-11 22:00:00,1.4,20158.916666666668,43.38,7.83,5.200000286102295
2025-03-11 23:00:00,2.8,20158.958333333332,43.38,7.83,5.056082248687744
2025-03-12 00:00:00,1.0,20159.0,43.38,7.83,4.56553840637207
2025-03-12 01:00:00,1.6,20159.041666666668,43.38,7.83,4.145283222198486
2025-03-12 02:00:00,2.2,20159.083333333332,43.38,7.83,3.895493745803833
2025-03-12 07:00:00,0.7,20159.291666666668,43.38,7.83,0.6062812805175781
2025-03-12 10:00:00,4.8,20159.416666666668,43.38,7.83,1.1853117942810059
2025-03-12 13:00:00,6.7,20159.541666666668,43.38,7.83,3.040714740753174
2025-03-12 18:00:00,6.3,20159.75,43.38,7.83,1.921352505683899
2025-03-12 23:00:00,8.4,20159.958333333332,43.38,7.83,7.550198078155518
2025-03-13 07:00:00,10.7,20160.291666666668,43.38,7.83,10.353372573852539
2025-03-13 08:00:00,11.2,20160.333333333332,43.38,7.83,11.735111236572266
2025-03-13 09:00:00,10.4,20160.375,43.38,7.83,11.691283226013184
2025-03-13 11:00:00,9.7,20160.458333333332,43.38,7.83,9.590988159179688
2025-03-13 12:00:00,8.1,20160.5,43.38,7.83,9.603100776672363
2025-03-13 15:00:00,7.5,20160.625,43.38,7.83,7.93681001663208
2025-03-13 16:00:00,7.2,20160.666666666668,43.38,7.83,6.776070594787598
2025-03-13 18:00:00,4.4,20160.75,43.38,7.83,3.8857674598693848
2025-03-13 20:00:00,2.0,20160.833333333332,43.38,7.83,2.9365241527557373
2025-03-13 21:00:00,2.4,20160.875,43.38,7.83,2.787320375442505
2025-03-13 22:00:00,3.1,20160.916666666668,43.38,7.83,1.6482313871383667
2025-03-13 23:00:00,3.7,20160.958333333332,43.38,7.83,1.512258768081665
2025-03-14 02:00:00,3.3,20161.083333333332,43.38,7.83,3.269624948501587
2025-03-14 05:00:00,8.6,20161.208333333332,43.38,7.83,5.920526504516602
2025-03-14 06:00:00,7.7,20161.25,43.38,7.83,5.702670097351074
2025-03-14 07:00:00,7.0,20161.291666666668,43.38,7.83,4.397116661071777
2025-03-14 10:00:00,5.3,20161.416666666668,43.38,7.83,4.201318264007568
2025-03-14 11:00:00,5.2,20161.458333333332,43.38,7.83,5.001379013061523
2025-03-14 12:00:00,4.3,20161.5,43.38,7.83,4.771500587463379
2025-03-14 13:00:00,3.4,20161.541666666668,43.38,7.83,4.867228031158447
2025-03-14 14:00:00,4.0,20161.583333333332,43.38,7.83,5.326480388641357
2025-03-14 15:00:00,2.1,20161.625,43.38,7.83,4.760647296905518
2025-03-14 16:00:00,3.2,20161.666666666668,43.38,7.83,4.266355991363525
2025-03-14 17:00:00,3.9,20161.708333333332,43.38,7.83,3.802729368209839
2025-03-14 18:00:00,5.2,20161.75,43.38,7.83,3.1468071937561035
2025-03-14 23:00:00,5.6,20161.958333333332,43.38,7.83,2.4425208568573
2025-03-15 00:00:00,5.4,20162.0,43.38,7.83,1.5584181547164917
2025-03-15 01:00:00,4.2,20162.041666666668,43.38,7.83,0.711431622505188
2025-03-15 05:00:00,7.3,20162.208333333332,43.38,7.83,2.2332472801208496
2025-03-15 07:00:00,5.2,20162.291666666668,43.38,7.83,3.3022799491882324
2025-03-15 10:00:00,3.0,20162.416666666668,43.38,7.83,0.8010176420211792
2025-03-15 11:00:00,3.5,20162.458333333332,43.38,7.83,0.867928147315979
2025-03-15 12:00:00,3.3,20162.5,43.38,7.83,2.139326810836792
2025-03-15 17:00:00,8.3,20162.708333333332,43.38,7.83,9.25871753692627
2025-03-15 19:00:00,9.9,20162.791666666668,43.38,7.83,11.76927661895752
2025-03-15 22:00:00,14.0,20162.916666666668,43.38,7.83,12.81361198425293
2025-03-16 00:00:00,13.5,20163.0,43.38,7.83,12.787342071533203
2025-03-16 01:00:00,13.4,20163.041666666668,43.38,7.83,13.007803916931152
2025-03-16 04:00:00,13.1,20163.166666666668,43.38,7.83,12.091085433959961
2025-03-16 06:00:00,13.3,20163.25,43.38,7.83,12.661996841430664
2025-03-16 07:00:00,13.4,20163.291666666668,43.38,7.83,12.696578979492188
2025-03-16 10:00:00,13.0,20163.416666666668,43.38,7.83,12.5203857421875
2025-03-16 12:00:00,13.7,20163.5,43.38,7.83,13.479142189025879
2025-03-16 14:00:00,13.3,20163.583333333332,43.38,7.83,13.24486255645752
2025-03-16 15:00:00,14.4,20163.625,43.38,7.83,12.926944732666016
2025-03-16 16:00:00,13.8,20163.666666666668,43.38,7.83,13.152010917663574
2025-03-16 17:00:00,13.3,20163.708333333332,43.38,7.83,13.339667320251465
2025-03-16 18:00:00,12.3,20163.75,43.38,7.83,12.972190856933594
2025-03-16 21:00:00,10.9,20163.875,43.38,7.83,10.994074821472168
2025-03-16 23:00:00,8.5,20163.958333333332,43.38,7.83,6.574281692504883
2025-03-17 03:00:00,6.5,20164.125,43.38,7.83,4.336807727813721
2025-03-17 06:00:00,4.4,20164.25,43.38,7.83,0.847263514995575
2025-03-17 07:00:00,2.2,20164.291666666668,43.38,7.83,1.2823623418807983
2025-03-17 10:00:00,2.7,20164.416666666668,43.38,7.83,2.0036942958831787
2025-03-17 11:00:00,1.6,20164.458333333332,43.38,7.83,1.7837035655975342
2025-03-17 13:00:00,3.8,20164.541666666668,43.38,7.83,1.3298169374465942
2025-03-17 14:00:00,2.7,20164.583333333332,43.38,7.83,0.8492045402526855
2025-03-17 15:00:00,3.1,20164.625,43.38,7.83,0.7205649614334106
2025-03-17 16:00:00,2.1,20164.666666666668,43.38,7.83,0.7715730667114258
2025-03-17 17:00:00,0.5,20164.708333333332,43.38,7.83,0.4221733510494232
2025-03-17 22:00:00,2.7,20164.916666666668,43.38,7.83,3.170222520828247
2025-03-17 23:00:00,3.9,20164.958333333332,43.38,7.83,3.070556163787842
2025-03-18 03:00:00,5.7,20165.125,43.38,7.83,5.885227680206299
2025-03-18 04:00:00,7.3,20165.166666666668,43.38,7.83,7.849087715148926
2025-03-18 06:00:00,9.2,20165.25,43.38,7.83,10.057149887084961
2025-03-18 07:00:00,11.2,20165.291666666668,43.38,7.83,11.022812843322754
2025-03-18 11:00:00,11.0,20165.458333333332,43.38,7.83,11.09575366973877
2025-03-18 13:00:00,10.4,20165.541666666668,43.38,7.83,10.872452735900879
2025-03-18 14:00:00,9.8,20165.583333333332,43.38,7.83,10.753326416015625
2025-03-18 17:00:00,11.8,20165.708333333332,43.38,7.83,10.384023666381836
2025-03-18 18:00:00,11.5,20165.75,43.38,7.83,10.611748695373535
2025-03-18 19:00:00,11.8,20165.791666666668,43.38,7.83,10.550736427307129
2025-03-18 21:00:00,13.0,20165.875,43.38,7.83,9.817194938659668
2025-03-18 22:00:00,11.9,20165.916666666668,43.38,7.83,10.122676849365234
2025-03-19 02:00:00,14.0,20166.083333333332,43.38,7.83,9.95464038848877
2025-03-19 05:00:00,11.8,20166.208333333332,43.38,7.83,9.944683074951172
2025-03-19 07:00:00,10.9,20166.291666666668,43.38,7.83,9.68906307220459
2025-03-19 10:00:00,9.5,20166.416666666668,43.38,7.83,8.002715110778809
2025-03-19 11:00:00,10.2,20166.458333333332,43.38,7.83,8.454827308654785
2025-03-19 12:00:00,8.9,20166.5,43.38,7.83,8.866925239562988
2025-03-19 15:00:00,9.8,20166.625,43.38,7.83,8.66724681854248
2025-03-19 16:00:00,9.7,20166.666666666668,43.38,7.83,8.38198471069336
2025-03-19 17:00:00,9.2,20166.708333333332,43.38,7.83,8.197831153869629
2025-03-19 18:00:00,8.9,20166.75,43.38,7.83,7.980437278747559
2025-03-19 19:00:00,7.9,20166.791666666668,43.38,7.83,7.695497989654541
2025-03-19 20:00:00,7.4,20166.833333333332,43.38,7.83,7.342947959899902
2025-03-19 21:00:00,7.5,20166.875,43.38,7.83,7.403940200805664
2025-03-19 22:00:00,7.3,20166.916666666668,43.38,7.83,8.110652923583984
2025-03-19 23:00:00,8.0,20166.958333333332,43.38,7.83,8.164983749389648
2025-03-20 02:00:00,9.2,20167.083333333332,43.38,7.83,8.669748306274414
2025-03-20 03:00:00,9.5,20167.125,43.38,7.83,9.042597770690918
2025-03-20 05:00:00,9.9,20167.208333333332,43.38,7.83,9.196636199951172
2025-03-20 06:00:00,9.6,20167.25,43.38,7.83,9.190828323364258
2025-03-20 08:00:00,9.8,20167.333333333332,43.38,7.83,9.213598251342773
2025-03-20 09:00:00,9.5,20167.375,43.38,7.83,8.834339141845703
2025-03-20 11:00:00,10.0,20167.458333333332,43.38,7.83,10.144349098205566
2025-03-20 12:00:00,10.2,20167.5,43.38,7.83,10.206033706665039
2025-03-20 13:00:00,9.7,20167.541666666668,43.38,7.83,9.94162368774414
2025-03-20 15:00:00,10.7,20167.625,43.38,7.83,9.898224830627441
2025-03-20 17:00:00,10.5,20167.708333333332,43.38,7.83,9.503486633300781
2025-03-20 18:00:00,10.6,20167.75,43.38,7.83,9.401714324951172
2025-03-20 23:00:00,12.7,20167.958333333332,43.38,7.83,10.375487327575684
2025-03-21 03:00:00,13.8,20168.125,43.38,7.83,11.434293746948242
2025-03-21 06:00:00,13.9,20168.25,43.38,7.83,12.13698673248291
2025-03-21 08:00:00,14.4,20168.333333333332,43.38,7.83,12.74799919128418
2025-03-21 09:00:00,13.7,20168.375,43.38,7.83,12.279618263244629
2025-03-21 12:00:00,15.0,20168.5,43.38,7.83,14.114809036254883
2025-03-21 13:00:00,15.6,20168.541666666668,43.38,7.83,13.942670822143555
2025-03-21 19:00:00,13.1,20168.791666666668,43.38,7.83,11.104965209960938
2025-03-21 22:00:00,3.6,20168.916666666668,43.38,7.83,7.932689666748047
2025-03-21 23:00:00,4.1,20168.958333333332,43.38,7.83,8.613079071044922
2025-03-22 00:00:00,4.6,20169.0,43.38,7.83,9.428966522216797
2025-03-22 01:00:00,5.1,20169.041666666668,43.38,7.83,9.147211074829102
2025-03-22 03:00:00,9.1,20169.125,43.38,7.83,8.814325332641602
2025-03-22 07:00:00,8.1,20169.291666666668,43.38,7.83,8.142027854919434
2025-03-22 09:00:00,7.6,20169.375,43.38,7.83,8.334731101989746
2025-03-22 10:00:00,7.3,20169.416666666668,43.38,7.83,8.54800033569336
2025-03-22 11:00:00,7.3,20169.458333333332,43.38,7.83,8.341240882873535
2025-03-22 12:00:00,7.7,20169.5,43.38,7.83,8.67574691772461
2025-03-22 14:00:00,9.1,20169.583333333332,43.38,7.83,8.920638084411621
2025-03-22 16:00:00,8.4,20169.666666666668,43.38,7.83,9.149252891540527
2025-03-22 17:00:00,9.6,20169.708333333332,43.38,7.83,8.91129207611084
2025-03-22 18:00:00,9.9,20169.75,43.38,7.83,9.808599472045898
2025-03-22 20:00:00,10.9,20169.833333333332,43.38,7.83,9.31323528289795
2025-03-22 21:00:00,11.2,20169.875,43.38,7.83,6.655761241912842
2025-03-22 22:00:00,7.4,20169.916666666668,43.38,7.83,6.4174933433532715
2025-03-23 00:00:00,8.2,20170.0,43.38,7.83,5.036660671234131
2025-03-23 02:00:00,9.0,20170.083333333332,43.38,7.83,4.564323425292969
2025-03-23 03:00:00,11.7,20170.125,43.38,7.83,3.339702606201172
2025-03-23 05:00:00,7.2,20170.208333333332,43.38,7.83,3.2456610202789307
2025-03-23 06:00:00,6.4,20170.25,43.38,7.83,3.8517346382141113
2025-03-23 07:00:00,4.8,20170.291666666668,43.38,7.83,3.610504150390625
2025-03-23 08:00:00,4.2,20170.333333333332,43.38,7.83,2.6445703506469727
2025-03-23 09:00:00,1.9,20170.375,43.38,7.83,1.9103211164474487
2025-03-23 10:00:00,2.0,20170.416666666668,43.38,7.83,2.412662982940674
2025-03-23 14:00:00,1.8,20170.583333333332,43.38,7.83,3.426825761795044
2025-03-23 15:00:00,3.3,20170.625,43.38,7.83,3.1410768032073975
2025-03-23 16:00:00,3.4,20170.666666666668,43.38,7.83,1.811223030090332
2025-03-23 18:00:00,0.6,20170.75,43.38,7.83,1.805383563041687
2025-03-23 19:00:00,3.9,20170.791666666668,43.38,7.83,2.2807459831237793
2025-03-23 21:00:00,6.9,20170.875,43.38,7.83,3.9608170986175537
2025-03-23 23:00:00,6.2,20170.958333333332,43.38,7.83,6.08889102935791
2025-03-24 01:00:00,5.0,20171.041666666668,43.38,7.83,5.521702289581299
2025-03-24 05:00:00,2.3,20171.208333333332,43.38,7.83,3.172551393508911
2025-03-24 07:00:00,2.2,20171.291666666668,43.38,7.83,2.353698253631592
2025-03-24 08:00:00,2.1,20171.333333333332,43.38,7.83,1.6969984769821167
2025-03-24 10:00:00,2.1,20171.416666666668,43.38,7.83,0.8002709746360779
2025-03-24 12:00:00,2.3,20171.5,43.38,7.83,1.709760308265686
2025-03-24 13:00:00,2.4,20171.541666666668,43.38,7.83,2.230292558670044
2025-03-24 16:00:00,2.7,20171.666666666668,43.38,7.83,2.190972328186035
2025-03-24 17:00:00,2.0,20171.708333333332,43.38,7.83,1.9903483390808105
2025-03-24 18:00:00,2.2,20171.75,43.38,7.83,1.7718992233276367
2025-03-24 19:00:00,0.6,20171.791666666668,43.38,7.83,1.557960033416748
2025-03-24 23:00:00,2.6,20171.958333333332,43.38,7.83,2.2339394092559814
2025-03-25 00:00:00,0.7,20172.0,43.38,7.83,2.2125213146209717
2025-03-25 02:00:00,3.6,20172.083333333332,43.38,7.83,2.1576943397521973
2025-03-25 04:00:00,3.1,20172.166666666668,43.38,7.83,1.1886885166168213
2025-03-25 05:00:00,3.9,20172.208333333332,43.38,7.83,0.6489834785461426
2025-03-25 07:00:00,2.5,20172.291666666668,43.38,7.83,0.5323107242584229
2025-03-25 08:00:00,1.7,20172.333333333332,43.38,7.83,0.21740171313285828
2025-03-25 09:00:00,0.8,20172.375,43.38,7.83,0.14973755180835724
2025-03-25 10:00:00,0.5,20172.416666666668,43.38,7.83,1.2490687370300293
2025-03-25 11:00:00,0.8,20172.458333333332,43.38,7.83,2.263301134109497
2025-03-25 14:00:00,1.0,20172.583333333332,43.38,7.83,2.663144588470459
2025-03-25 15:00:00,0.7,20172.625,43.38,7.83,2.220930337905884
2025-03-25 18:00:00,3.0,20172.75,43.38,7.83,3.8621416091918945
2025-03-25 19:00:00,3.3,20172.791666666668,43.38,7.83,3.5836520195007324
2025-03-25 20:00:00,3.0,20172.833333333332,43.38,7.83,3.264188766479492
2025-03-25 22:00:00,2.8,20172.916666666668,43.38,7.83,4.107420444488525
2025-03-25 23:00:00,2.0,20172.958333333332,43.38,7.83,3.5577552318573
2025-03-26 02:00:00,2.5,20173.083333333332,43.38,7.83,1.8501086235046387
2025-03-26 03:00:00,1.9,20173.125,43.38,7.83,2.501983880996704
2025-03-26 04:00:00,0.8,20173.166666666668,43.38,7.83,3.1430981159210205
2025-03-26 05:00:00,0.9,20173.208333333332,43.38,7.83,2.982499837875366
2025-03-26 11:00:00,5.8,20173.458333333332,43.38,7.83,1.570460557937622
2025-03-26 12:00:00,4.1,20173.5,43.38,7.83,2.5312204360961914
2025-03-26 13:00:00,2.5,20173.541666666668,43.38,7.83,3.120321273803711
2025-03-26 14:00:00,1.8,20173.583333333332,43.38,7.83,4.238211154937744
2025-03-26 16:00:00,3.6,20173.666666666668,43.38,7.83,4.494443416595459
2025-03-26 18:00:00,5.5,20173.75,43.38,7.83,4.7484660148620605
2025-03-26 19:00:00,3.8,20173.791666666668,43.38,7.83,4.63262414932251
2025-03-26 22:00:00,4.9,20173.916666666668,43.38,7.83,3.9532060623168945
2025-03-26 23:00:00,3.5,20173.958333333332,43.38,7.83,4.626689910888672
2025-03-27 01:00:00,3.1,20174.041666666668,43.38,7.83,5.664944171905518
2025-03-27 02:00:00,2.4,20174.083333333332,43.38,7.83,5.350142478942871
2025-03-27 04:00:00,3.0,20174.166666666668,43.38,7.83,4.951568603515625
2025-03-27 05:00:00,4.0,20174.208333333332,43.38,7.83,5.250794887542725
2025-03-27 07:00:00,4.1,20174.291666666668,43.38,7.83,4.869627952575684
2025-03-27 08:00:00,2.7,20174.333333333332,43.38,7.83,3.7088751792907715
2025-03-27 10:00:00,1.3,20174.416666666668,43.38,7.83,1.362423062324524
2025-03-27 12:00:00,2.4,20174.5,43.38,7.83,2.044762372970581
2025-03-27 16:00:00,4.7,20174.666666666668,43.38,7.83,6.261115550994873
2025-03-27 17:00:00,5.4,20174.708333333332,43.38,7.83,6.461333274841309
2025-03-27 21:00:00,1.5,20174.875,43.38,7.83,1.8891977071762085
2025-03-27 22:00:00,2.3,20174.916666666668,43.38,7.83,1.7887364625930786
2025-03-27 23:00:00,2.0,20174.958333333332,43.38,7.83,2.0844478607177734
2025-03-28 00:00:00,3.8,20175.0,43.38,7.83,3.064948797225952
2025-03-28 01:00:00,3.7,20175.041666666668,43.38,7.83,3.644606590270996
2025-03-28 02:00:00,3.5,20175.083333333332,43.38,7.83,3.2823891639709473
2025-03-28 05:00:00,1.9,20175.208333333332,43.38,7.83,2.928823232650757
2025-03-28 06:00:00,0.6,20175.25,43.38,7.83,2.386547088623047
2025-03-28 08:00:00,1.6,20175.333333333332,43.38,7.83,1.2051866054534912
2025-03-28 09:00:00,2.1,20175.375,43.38,7.83,1.5347180366516113
2025-03-28 17:00:00,,20175.708333333332,43.38,7.83,1.8562941551208496
2025-03-28 20:00:00,0.6,20175.833333333332,43.38,7.83,2.5460643768310547
2025-03-28 21:00:00,3.0,20175.875,43.38,7.83,2.2155165672302246
2025-03-29 01:00:00,1.1,20176.041666666668,43.38,7.83,1.187943696975708
2025-03-29 03:00:00,0.6,20176.125,43.38,7.83,2.6437835693359375
2025-03-29 06:00:00,2.7,20176.25,43.38,7.83,0.8633283972740173
2025-03-29 09:00:00,7.5,20176.375,43.38,7.83,4.68326997756958
2025-03-29 11:00:00,13.7,20176.458333333332,43.38,7.83,4.918125152587891
2025-03-29 12:00:00,9.6,20176.5,43.38,7.83,3.5692696571350098
2025-03-29 13:00:00,11.4,20176.541666666668,43.38,7.83,4.271571636199951
2025-03-29 16:00:00,4.1,20176.666666666668,43.38,7.83,2.9244115352630615
2025-03-29 17:00:00,2.2,20176.708333333332,43.38,7.83,1.7647329568862915
2025-03-30 01:00:00,3.7,20177.041666666668,43.38,7.83,2.767049789428711
2025-03-30 06:00:00,5.4,20177.25,43.38,7.83,3.860405683517456
2025-03-30 09:00:00,3.0,20177.375,43.38,7.83,1.839888334274292
2025-03-30 10:00:00,3.9,20177.416666666668,43.38,7.83,1.9736074209213257
2025-03-30 11:00:00,2.9,20177.458333333332,43.38,7.83,2.7107179164886475
2025-03-30 13:00:00,2.8,20177.541666666668,43.38,7.83,4.03158712387085
2025-03-30 16:00:00,3.9,20177.666666666668,43.38,7.83,5.078911304473877
2025-03-30 17:00:00,5.3,20177.708333333332,43.38,7.83,5.3252387046813965
2025-03-30 20:00:00,5.5,20177.833333333332,43.38,7.83,4.3010640144348145
2025-03-30 23:00:00,3.8,20177.958333333332,43.38,7.83,3.1295197010040283
2025-03-31 00:00:00,4.6,20178.0,43.38,7.83,3.685879707336426
2025-03-31 01:00:00,3.8,20178.041666666668,43.38,7.83,3.567009449005127
2025-03-31 02:00:00,2.4,20178.083333333332,43.38,7.83,2.481449604034424
2025-03-31 04:00:00,2.3,20178.166666666668,43.38,7.83,2.3959035873413086
2025-03-31 06:00:00,4.0,20178.25,43.38,7.83,5.735779285430908
2025-03-31 12:00:00,7.4,20178.5,43.38,7.83,8.377059936523438
2025-03-31 13:00:00,6.4,20178.541666666668,43.38,7.83,6.926399230957031
2025-03-31 14:00:00,5.3,20178.583333333332,43.38,7.83,5.6402997970581055
2025-03-31 15:00:00,4.6,20178.625,43.38,7.83,4.025738716125488
2025-03-31 17:00:00,2.8,20178.708333333332,43.38,7.83,2.4496102333068848
2025-03-31 18:00:00,3.0,20178.75,43.38,7.83,1.8579187393188477
2025-03-31 20:00:00,2.5,20178.833333333332,43.38,7.83,0.36386415362358093
2025-03-31 21:00:00,2.2,20178.875,43.38,7.83,1.6968001127243042
2025-03-31 22:00:00,2.2,20178.916666666668,43.38,7.83,0.8322370648384094
2025-03-31 23:00:00,1.5,20178.958333333332,43.38,7.83,1.2449901103973389
2025-04-01 00:00:00,2.4,20179.0,43.38,7.83,3.1938037872314453
2025-04-01 02:00:00,4.2,20179.083333333332,43.38,7.83,5.940476417541504
2025-04-01 04:00:00,5.1,20179.166666666668,43.38,7.83,5.892786026000977
2025-04-01 06:00:00,6.8,20179.25,43.38,7.83,5.354284286499023
2025-04-01 13:00:00,6.4,20179.541666666668,43.38,7.83,7.009405612945557
2025-04-01 16:00:00,9.3,20179.666666666668,43.38,7.83,9.158461570739746
2025-04-01 17:00:00,7.2,20179.708333333332,43.38,7.83,9.775496482849121
2025-04-01 21:00:00,9.3,20179.875,43.38,7.83,10.400012969970703
2025-04-01 22:00:00,9.1,20179.916666666668,43.38,7.83,7.676119327545166
2025-04-01 23:00:00,10.1,20179.958333333332,43.38,7.83,8.105666160583496
2025-04-02 00:00:00,10.3,20180.0,43.38,7.83,9.062297821044922
2025-04-02 01:00:00,11.2,20180.041666666668,43.38,7.83,10.5194673538208
2025-04-02 02:00:00,11.5,20180.083333333332,43.38,7.83,11.09746265411377
2025-04-02 07:00:00,11.2,20180.291666666668,43.38,7.83,10.757706642150879
2025-04-02 09:00:00,10.8,20180.375,43.38,7.83,
2025-04-02 10:00:00,10.3,20180.416666666668,43.38,7.83,
2025-04-02 18:00:00,7.1,20180.75,43.38,7.83,
2025-04-02 19:00:00,7.0,20180.791666666668,43.38,7.83,
2025-04-02 21:00:00,7.7,20180.875,43.38,7.83,
2025-04-02 23:00:00,7.4,20180.958333333332,43.38,7.83,
2025-04-03 02:00:00,7.9,20181.083333333332,43.38,7.83,
2025-04-03 04:00:00,8.1,20181.166666666668,43.38,7.83,
2025-04-03 05:00:00,8.0,20181.208333333332,43.38,7.83,
2025-04-03 06:00:00,8.5,20181.25,43.38,7.83,
2025-04-03 08:00:00,9.0,20181.333333333332,43.38,7.83,
2025-04-03 09:00:00,8.2,20181.375,43.38,7.83,
2025-04-03 10:00:00,7.6,20181.416666666668,43.38,7.83,
2025-04-03 13:00:00,4.9,20181.541666666668,43.38,7.83,
2025-04-03 14:00:00,4.0,20181.583333333332,43.38,7.83,
2025-04-03 15:00:00,2.5,20181.625,43.38,7.83,
2025-04-03 16:00:00,1.6,20181.666666666668,43.38,7.83,
2025-04-03 17:00:00,2.0,20181.708333333332,43.38,7.83,
2025-04-03 18:00:00,1.8,20181.75,43.38,7.83,
2025-04-03 20:00:00,1.2,20181.833333333332,43.38,7.83,
2025-04-03 22:00:00,0.8,20181.916666666668,43.38,7.83,
2025-04-03 23:00:00,1.4,20181.958333333332,43.38,7.83,
2025-04-04 02:00:00,1.2,20182.083333333332,43.38,7.83,
2025-04-04 03:00:00,1.8,20182.125,43.38,7.83,
2025-04-04 04:00:00,2.7,20182.166666666668,43.38,7.83,
2025-04-04 12:00:00,6.8,20182.5,43.38,7.83,
2025-04-04 15:00:00,5.6,20182.625,43.38,7.83,
2025-04-04 16:00:00,7.5,20182.666666666668,43.38,7.83,
2025-04-04 18:00:00,4.7,20182.75,43.38,7.83,
2025-04-04 20:00:00,4.3,20182.833333333332,43.38,7.83,
2025-04-04 21:00:00,3.7,20182.875,43.38,7.83,
2025-04-04 22:00:00,5.1,20182.916666666668,43.38,7.83,
2025-04-04 23:00:00,5.5,20182.958333333332,43.38,7.83,
2025-04-05 02:00:00,6.0,20183.083333333332,43.38,7.83,
2025-04-05 03:00:00,5.1,20183.125,43.38,7.83,
2025-04-05 04:00:00,5.0,20183.166666666668,43.38,7.83,
2025-04-05 05:00:00,4.3,20183.208333333332,43.38,7.83,
2025-04-05 06:00:00,2.9,20183.25,43.38,7.83,
2025-04-05 08:00:00,2.8,20183.333333333332,43.38,7.83,
2025-04-05 09:00:00,2.8,20183.375,43.38,7.83,
2025-04-05 11:00:00,1.9,20183.458333333332,43.38,7.83,
2025-04-05 13:00:00,2.1,20183.541666666668,43.38,7.83,
2025-04-05 14:00:00,3.0,20183.583333333332,43.38,7.83,
2025-04-05 15:00:00,3.5,20183.625,43.38,7.83,
2025-04-05 16:00:00,3.9,20183.666666666668,43.38,7.83,
2025-04-05 17:00:00,3.7,20183.708333333332,43.38,7.83,
2025-04-05 20:00:00,5.6,20183.833333333332,43.38,7.83,
2025-04-05 23:00:00,6.6,20183.958333333332,43.38,7.83,
2025-04-06 01:00:00,6.2,20184.041666666668,43.38,7.83,
2025-04-06 03:00:00,6.2,20184.125,43.38,7.83,
2025-04-06 05:00:00,5.8,20184.208333333332,43.38,7.83,
2025-04-06 07:00:00,5.2,20184.291666666668,43.38,7.83,
2025-04-06 11:00:00,3.2,20184.458333333332,43.38,7.83,
2025-04-06 13:00:00,1.5,20184.541666666668,43.38,7.83,
2025-04-06 15:00:00,0.8,20184.625,43.38,7.83,
2025-04-06 19:00:00,1.0,20184.791666666668,43.38,7.83,
2025-04-06 22:00:00,3.7,20184.916666666668,43.38,7.83,
