datetime,U_DYFAMED,datenum,lat,lon
2025-02-01 00:00:00,10.1,20120.0,43.38,7.83
2025-02-01 01:00:00,11.3,20120.041666666668,43.38,7.83
2025-02-01 02:00:00,11.6,20120.083333333332,43.38,7.83
2025-02-01 03:00:00,12.0,20120.125,43.38,7.83
2025-02-01 04:00:00,11.5,20120.166666666668,43.38,7.83
2025-02-01 05:00:00,11.5,20120.208333333332,43.38,7.83
2025-02-01 06:00:00,10.3,20120.25,43.38,7.83
2025-02-01 07:00:00,11.2,20120.291666666668,43.38,7.83
2025-02-01 08:00:00,12.6,20120.333333333332,43.38,7.83
2025-02-01 09:00:00,12.3,20120.375,43.38,7.83
2025-02-01 10:00:00,12.2,20120.416666666668,43.38,7.83
2025-02-01 11:00:00,12.3,20120.458333333332,43.38,7.83
2025-02-01 12:00:00,13.6,20120.5,43.38,7.83
2025-02-01 13:00:00,12.7,20120.541666666668,43.38,7.83
2025-02-01 14:00:00,13.4,20120.583333333332,43.38,7.83
2025-02-01 15:00:00,13.9,20120.625,43.38,7.83
2025-02-01 16:00:00,12.1,20120.666666666668,43.38,7.83
2025-02-01 17:00:00,11.6,20120.708333333332,43.38,7.83
2025-02-01 18:00:00,12.8,20120.75,43.38,7.83
2025-02-01 19:00:00,11.6,20120.791666666668,43.38,7.83
2025-02-01 20:00:00,11.6,20120.833333333332,43.38,7.83
2025-02-01 22:00:00,12.2,20120.916666666668,43.38,7.83
2025-02-01 23:00:00,11.1,20120.958333333332,43.38,7.83
2025-02-02 00:00:00,12.3,20121.0,43.38,7.83
2025-02-02 01:00:00,12.6,20121.041666666668,43.38,7.83
2025-02-02 02:00:00,11.2,20121.083333333332,43.38,7.83
2025-02-02 03:00:00,10.6,20121.125,43.38,7.83
2025-02-02 04:00:00,11.2,20121.166666666668,43.38,7.83
2025-02-02 05:00:00,12.5,20121.208333333332,43.38,7.83
2025-02-02 06:00:00,12.5,20121.25,43.38,7.83
2025-02-02 07:00:00,12.2,20121.291666666668,43.38,7.83
2025-02-02 08:00:00,11.5,20121.333333333332,43.38,7.83
2025-02-02 09:00:00,11.9,20121.375,43.38,7.83
2025-02-02 10:00:00,12.2,20121.416666666668,43.38,7.83
2025-02-02 11:00:00,11.8,20121.458333333332,43.38,7.83
2025-02-02 12:00:00,11.1,20121.5,43.38,7.83
2025-02-02 13:00:00,10.1,20121.541666666668,43.38,7.83
2025-02-02 14:00:00,10.4,20121.583333333332,43.38,7.83
2025-02-02 15:00:00,11.3,20121.625,43.38,7.83
2025-02-02 16:00:00,12.0,20121.666666666668,43.38,7.83
2025-02-02 17:00:00,10.7,20121.708333333332,43.38,7.83
2025-02-02 18:00:00,11.0,20121.75,43.38,7.83
2025-02-02 19:00:00,11.5,20121.791666666668,43.38,7.83
2025-02-02 20:00:00,12.2,20121.833333333332,43.38,7.83
2025-02-02 21:00:00,11.5,20121.875,43.38,7.83
2025-02-02 22:00:00,11.8,20121.916666666668,43.38,7.83
2025-02-02 23:00:00,10.2,20121.958333333332,43.38,7.83
2025-02-03 00:00:00,10.9,20122.0,43.38,7.83
2025-02-03 01:00:00,9.6,20122.041666666668,43.38,7.83
2025-02-03 02:00:00,9.9,20122.083333333332,43.38,7.83
2025-02-03 03:00:00,9.2,20122.125,43.38,7.83
2025-02-03 04:00:00,10.4,20122.166666666668,43.38,7.83
2025-02-03 05:00:00,10.2,20122.208333333332,43.38,7.83
2025-02-03 06:00:00,9.8,20122.25,43.38,7.83
2025-02-03 07:00:00,9.1,20122.291666666668,43.38,7.83
2025-02-03 08:00:00,8.7,20122.333333333332,43.38,7.83
2025-02-03 09:00:00,9.1,20122.375,43.38,7.83
2025-02-03 10:00:00,8.9,20122.416666666668,43.38,7.83
2025-02-03 11:00:00,8.4,20122.458333333332,43.38,7.83
2025-02-03 12:00:00,7.3,20122.5,43.38,7.83
2025-02-03 13:00:00,6.0,20122.541666666668,43.38,7.83
2025-02-03 14:00:00,5.7,20122.583333333332,43.38,7.83
2025-02-03 15:00:00,4.6,20122.625,43.38,7.83
2025-02-03 16:00:00,3.7,20122.666666666668,43.38,7.83
2025-02-03 17:00:00,1.9,20122.708333333332,43.38,7.83
2025-02-03 18:00:00,1.7,20122.75,43.38,7.83
2025-02-03 19:00:00,2.0,20122.791666666668,43.38,7.83
2025-02-03 20:00:00,1.8,20122.833333333332,43.38,7.83
2025-02-03 21:00:00,1.1,20122.875,43.38,7.83
2025-02-03 23:00:00,0.7,20122.958333333332,43.38,7.83
2025-02-04 00:00:00,1.6,20123.0,43.38,7.83
2025-02-04 01:00:00,1.3,20123.041666666668,43.38,7.83
2025-02-04 02:00:00,1.0,20123.083333333332,43.38,7.83
2025-02-04 03:00:00,0.6,20123.125,43.38,7.83
2025-02-04 04:00:00,1.8,20123.166666666668,43.38,7.83
2025-02-04 05:00:00,1.3,20123.208333333332,43.38,7.83
2025-02-04 06:00:00,2.6,20123.25,43.38,7.83
2025-02-04 07:00:00,4.2,20123.291666666668,43.38,7.83
2025-02-04 08:00:00,5.4,20123.333333333332,43.38,7.83
2025-02-04 09:00:00,7.0,20123.375,43.38,7.83
2025-02-04 10:00:00,6.8,20123.416666666668,43.38,7.83
2025-02-04 11:00:00,6.2,20123.458333333332,43.38,7.83
2025-02-04 14:00:00,4.4,20123.583333333332,43.38,7.83
2025-02-04 15:00:00,5.5,20123.625,43.38,7.83
2025-02-04 16:00:00,6.7,20123.666666666668,43.38,7.83
2025-02-04 17:00:00,7.1,20123.708333333332,43.38,7.83
2025-02-04 18:00:00,6.8,20123.75,43.38,7.83
2025-02-04 19:00:00,5.8,20123.791666666668,43.38,7.83
2025-02-04 20:00:00,4.9,20123.833333333332,43.38,7.83
2025-02-04 21:00:00,5.2,20123.875,43.38,7.83
2025-02-04 22:00:00,4.9,20123.916666666668,43.38,7.83
2025-02-04 23:00:00,3.7,20123.958333333332,43.38,7.83
2025-02-05 00:00:00,2.7,20124.0,43.38,7.83
2025-02-05 01:00:00,2.2,20124.041666666668,43.38,7.83
2025-02-05 02:00:00,2.5,20124.083333333332,43.38,7.83
2025-02-05 03:00:00,2.1,20124.125,43.38,7.83
2025-02-05 04:00:00,2.0,20124.166666666668,43.38,7.83
2025-02-05 05:00:00,1.8,20124.208333333332,43.38,7.83
2025-02-05 06:00:00,2.5,20124.25,43.38,7.83
2025-02-05 07:00:00,3.0,20124.291666666668,43.38,7.83
2025-02-05 08:00:00,2.8,20124.333333333332,43.38,7.83
2025-02-05 09:00:00,3.7,20124.375,43.38,7.83
2025-02-05 10:00:00,4.6,20124.416666666668,43.38,7.83
2025-02-05 11:00:00,3.8,20124.458333333332,43.38,7.83
2025-02-05 12:00:00,2.8,20124.5,43.38,7.83
2025-02-05 13:00:00,2.8,20124.541666666668,43.38,7.83
2025-02-05 14:00:00,2.8,20124.583333333332,43.38,7.83
2025-02-05 15:00:00,2.3,20124.625,43.38,7.83
2025-02-05 16:00:00,2.6,20124.666666666668,43.38,7.83
2025-02-05 17:00:00,2.6,20124.708333333332,43.38,7.83
2025-02-05 18:00:00,2.4,20124.75,43.38,7.83
2025-02-05 19:00:00,2.8,20124.791666666668,43.38,7.83
2025-02-05 20:00:00,3.6,20124.833333333332,43.38,7.83
2025-02-05 21:00:00,3.9,20124.875,43.38,7.83
2025-02-05 22:00:00,3.3,20124.916666666668,43.38,7.83
2025-02-05 23:00:00,3.5,20124.958333333332,43.38,7.83
2025-02-06 00:00:00,2.9,20125.0,43.38,7.83
2025-02-06 01:00:00,3.0,20125.041666666668,43.38,7.83
2025-02-06 02:00:00,2.4,20125.083333333332,43.38,7.83
2025-02-06 03:00:00,2.2,20125.125,43.38,7.83
2025-02-06 04:00:00,2.7,20125.166666666668,43.38,7.83
2025-02-06 05:00:00,4.0,20125.208333333332,43.38,7.83
2025-02-06 06:00:00,6.3,20125.25,43.38,7.83
2025-02-06 07:00:00,6.7,20125.291666666668,43.38,7.83
2025-02-06 08:00:00,6.0,20125.333333333332,43.38,7.83
2025-02-06 09:00:00,7.2,20125.375,43.38,7.83
2025-02-06 10:00:00,5.9,20125.416666666668,43.38,7.83
2025-02-06 11:00:00,7.3,20125.458333333332,43.38,7.83
2025-02-06 12:00:00,7.5,20125.5,43.38,7.83
2025-02-06 13:00:00,6.1,20125.541666666668,43.38,7.83
2025-02-06 14:00:00,6.1,20125.583333333332,43.38,7.83
2025-02-06 15:00:00,5.4,20125.625,43.38,7.83
2025-02-06 16:00:00,4.4,20125.666666666668,43.38,7.83
2025-02-06 17:00:00,4.4,20125.708333333332,43.38,7.83
2025-02-06 18:00:00,4.3,20125.75,43.38,7.83
2025-02-06 19:00:00,4.5,20125.791666666668,43.38,7.83
2025-02-06 20:00:00,5.2,20125.833333333332,43.38,7.83
2025-02-06 21:00:00,7.1,20125.875,43.38,7.83
2025-02-06 22:00:00,7.6,20125.916666666668,43.38,7.83
2025-02-06 23:00:00,8.2,20125.958333333332,43.38,7.83
2025-02-07 00:00:00,8.5,20126.0,43.38,7.83
2025-02-07 01:00:00,8.6,20126.041666666668,43.38,7.83
2025-02-07 02:00:00,9.1,20126.083333333332,43.38,7.83
2025-02-07 03:00:00,9.0,20126.125,43.38,7.83
2025-02-07 04:00:00,10.2,20126.166666666668,43.38,7.83
2025-02-07 05:00:00,10.7,20126.208333333332,43.38,7.83
2025-02-07 06:00:00,10.8,20126.25,43.38,7.83
2025-02-07 07:00:00,11.6,20126.291666666668,43.38,7.83
2025-02-07 08:00:00,12.0,20126.333333333332,43.38,7.83
2025-02-07 09:00:00,12.7,20126.375,43.38,7.83
2025-02-07 10:00:00,10.9,20126.416666666668,43.38,7.83
2025-02-07 11:00:00,11.1,20126.458333333332,43.38,7.83
2025-02-07 12:00:00,11.0,20126.5,43.38,7.83
2025-02-07 13:00:00,11.9,20126.541666666668,43.38,7.83
2025-02-07 14:00:00,13.2,20126.583333333332,43.38,7.83
2025-02-07 15:00:00,12.3,20126.625,43.38,7.83
2025-02-07 16:00:00,11.5,20126.666666666668,43.38,7.83
2025-02-07 17:00:00,11.2,20126.708333333332,43.38,7.83
2025-02-07 18:00:00,11.8,20126.75,43.38,7.83
2025-02-07 19:00:00,11.4,20126.791666666668,43.38,7.83
2025-02-07 20:00:00,11.1,20126.833333333332,43.38,7.83
2025-02-07 21:00:00,11.3,20126.875,43.38,7.83
2025-02-07 22:00:00,11.9,20126.916666666668,43.38,7.83
2025-02-07 23:00:00,11.8,20126.958333333332,43.38,7.83
2025-02-08 00:00:00,11.8,20127.0,43.38,7.83
2025-02-08 01:00:00,12.1,20127.041666666668,43.38,7.83
2025-02-08 02:00:00,12.5,20127.083333333332,43.38,7.83
2025-02-08 03:00:00,11.9,20127.125,43.38,7.83
2025-02-08 04:00:00,12.3,20127.166666666668,43.38,7.83
2025-02-08 05:00:00,12.5,20127.208333333332,43.38,7.83
2025-02-08 06:00:00,,20127.25,43.38,7.83
2025-02-08 07:00:00,12.8,20127.291666666668,43.38,7.83
2025-02-08 08:00:00,13.0,20127.333333333332,43.38,7.83
2025-02-08 09:00:00,12.7,20127.375,43.38,7.83
2025-02-08 10:00:00,13.1,20127.416666666668,43.38,7.83
2025-02-08 11:00:00,13.6,20127.458333333332,43.38,7.83
2025-02-08 12:00:00,14.8,20127.5,43.38,7.83
2025-02-08 13:00:00,14.6,20127.541666666668,43.38,7.83
2025-02-08 14:00:00,14.4,20127.583333333332,43.38,7.83
2025-02-08 15:00:00,14.1,20127.625,43.38,7.83
2025-02-08 16:00:00,14.8,20127.666666666668,43.38,7.83
2025-02-08 17:00:00,14.5,20127.708333333332,43.38,7.83
2025-02-08 18:00:00,14.5,20127.75,43.38,7.83
2025-02-08 19:00:00,14.9,20127.791666666668,43.38,7.83
2025-02-08 20:00:00,13.7,20127.833333333332,43.38,7.83
2025-02-08 21:00:00,13.4,20127.875,43.38,7.83
2025-02-08 22:00:00,13.7,20127.916666666668,43.38,7.83
2025-02-08 23:00:00,13.0,20127.958333333332,43.38,7.83
2025-02-09 00:00:00,13.0,20128.0,43.38,7.83
2025-02-09 01:00:00,12.3,20128.041666666668,43.38,7.83
2025-02-09 02:00:00,12.3,20128.083333333332,43.38,7.83
2025-02-09 03:00:00,11.1,20128.125,43.38,7.83
2025-02-09 04:00:00,10.8,20128.166666666668,43.38,7.83
2025-02-09 05:00:00,10.4,20128.208333333332,43.38,7.83
2025-02-09 06:00:00,10.2,20128.25,43.38,7.83
2025-02-09 07:00:00,9.7,20128.291666666668,43.38,7.83
2025-02-09 08:00:00,9.4,20128.333333333332,43.38,7.83
2025-02-09 09:00:00,9.1,20128.375,43.38,7.83
2025-02-09 10:00:00,8.1,20128.416666666668,43.38,7.83
2025-02-09 11:00:00,6.7,20128.458333333332,43.38,7.83
2025-02-09 12:00:00,6.1,20128.5,43.38,7.83
2025-02-09 13:00:00,6.8,20128.541666666668,43.38,7.83
2025-02-09 14:00:00,5.9,20128.583333333332,43.38,7.83
2025-02-09 15:00:00,4.4,20128.625,43.38,7.83
2025-02-09 18:00:00,7.3,20128.75,43.38,7.83
2025-02-09 19:00:00,6.8,20128.791666666668,43.38,7.83
2025-02-09 21:00:00,,20128.875,43.38,7.83
2025-02-09 22:00:00,4.6,20128.916666666668,43.38,7.83
2025-02-09 23:00:00,3.7,20128.958333333332,43.38,7.83
2025-02-10 00:00:00,2.1,20129.0,43.38,7.83
2025-02-10 01:00:00,0.8,20129.041666666668,43.38,7.83
2025-02-10 02:00:00,1.2,20129.083333333332,43.38,7.83
2025-02-10 03:00:00,1.8,20129.125,43.38,7.83
2025-02-10 04:00:00,2.2,20129.166666666668,43.38,7.83
2025-02-10 05:00:00,2.4,20129.208333333332,43.38,7.83
2025-02-10 06:00:00,2.6,20129.25,43.38,7.83
2025-02-10 07:00:00,2.5,20129.291666666668,43.38,7.83
2025-02-10 08:00:00,2.7,20129.333333333332,43.38,7.83
2025-02-10 09:00:00,3.1,20129.375,43.38,7.83
2025-02-10 10:00:00,3.2,20129.416666666668,43.38,7.83
2025-02-10 11:00:00,3.6,20129.458333333332,43.38,7.83
2025-02-10 12:00:00,4.1,20129.5,43.38,7.83
2025-02-10 13:00:00,4.3,20129.541666666668,43.38,7.83
2025-02-10 14:00:00,3.7,20129.583333333332,43.38,7.83
2025-02-10 15:00:00,4.2,20129.625,43.38,7.83
2025-02-10 16:00:00,4.2,20129.666666666668,43.38,7.83
2025-02-10 17:00:00,3.7,20129.708333333332,43.38,7.83
2025-02-10 21:00:00,,20129.875,43.38,7.83
2025-02-10 23:00:00,1.3,20129.958333333332,43.38,7.83
2025-02-11 00:00:00,0.8,20130.0,43.38,7.83
2025-02-11 01:00:00,1.1,20130.041666666668,43.38,7.83
2025-02-11 02:00:00,1.3,20130.083333333332,43.38,7.83
2025-02-11 03:00:00,1.4,20130.125,43.38,7.83
2025-02-11 04:00:00,3.0,20130.166666666668,43.38,7.83
2025-02-11 05:00:00,2.9,20130.208333333332,43.38,7.83
2025-02-11 06:00:00,4.0,20130.25,43.38,7.83
2025-02-11 07:00:00,3.8,20130.291666666668,43.38,7.83
2025-02-11 08:00:00,4.0,20130.333333333332,43.38,7.83
2025-02-11 09:00:00,3.3,20130.375,43.38,7.83
2025-02-11 10:00:00,2.5,20130.416666666668,43.38,7.83
2025-02-11 11:00:00,2.9,20130.458333333332,43.38,7.83
2025-02-11 12:00:00,2.8,20130.5,43.38,7.83
2025-02-11 13:00:00,3.8,20130.541666666668,43.38,7.83
2025-02-11 14:00:00,3.9,20130.583333333332,43.38,7.83
2025-02-11 15:00:00,4.4,20130.625,43.38,7.83
2025-02-11 16:00:00,5.2,20130.666666666668,43.38,7.83
2025-02-11 17:00:00,5.6,20130.708333333332,43.38,7.83
2025-02-11 18:00:00,5.9,20130.75,43.38,7.83
2025-02-11 19:00:00,5.5,20130.791666666668,43.38,7.83
2025-02-11 20:00:00,5.6,20130.833333333332,43.38,7.83
2025-02-11 21:00:00,6.0,20130.875,43.38,7.83
2025-02-11 22:00:00,6.2,20130.916666666668,43.38,7.83
2025-02-11 23:00:00,6.4,20130.958333333332,43.38,7.83
2025-02-12 00:00:00,6.0,20131.0,43.38,7.83
2025-02-12 01:00:00,6.5,20131.041666666668,43.38,7.83
2025-02-12 02:00:00,5.7,20131.083333333332,43.38,7.83
2025-02-12 03:00:00,6.6,20131.125,43.38,7.83
2025-02-12 04:00:00,6.6,20131.166666666668,43.38,7.83
2025-02-12 05:00:00,7.5,20131.208333333332,43.38,7.83
2025-02-12 06:00:00,7.3,20131.25,43.38,7.83
2025-02-12 07:00:00,7.4,20131.291666666668,43.38,7.83
2025-02-12 08:00:00,8.8,20131.333333333332,43.38,7.83
2025-02-12 09:00:00,7.3,20131.375,43.38,7.83
2025-02-12 10:00:00,8.1,20131.416666666668,43.38,7.83
2025-02-12 15:00:00,,20131.625,43.38,7.83
2025-02-12 16:00:00,8.9,20131.666666666668,43.38,7.83
2025-02-12 17:00:00,7.7,20131.708333333332,43.38,7.83
2025-02-12 18:00:00,8.3,20131.75,43.38,7.83
2025-02-12 19:00:00,8.8,20131.791666666668,43.38,7.83
2025-02-12 20:00:00,8.1,20131.833333333332,43.38,7.83
2025-02-12 21:00:00,8.5,20131.875,43.38,7.83
2025-02-12 22:00:00,8.3,20131.916666666668,43.38,7.83
2025-02-12 23:00:00,8.2,20131.958333333332,43.38,7.83
2025-02-13 00:00:00,8.1,20132.0,43.38,7.83
2025-02-13 01:00:00,7.7,20132.041666666668,43.38,7.83
2025-02-13 02:00:00,7.9,20132.083333333332,43.38,7.83
2025-02-13 03:00:00,7.4,20132.125,43.38,7.83
2025-02-13 04:00:00,6.8,20132.166666666668,43.38,7.83
2025-02-13 05:00:00,7.1,20132.208333333332,43.38,7.83
2025-02-13 06:00:00,7.5,20132.25,43.38,7.83
2025-02-13 07:00:00,6.8,20132.291666666668,43.38,7.83
2025-02-13 08:00:00,6.5,20132.333333333332,43.38,7.83
2025-02-13 09:00:00,5.4,20132.375,43.38,7.83
2025-02-13 10:00:00,4.6,20132.416666666668,43.38,7.83
2025-02-13 11:00:00,4.4,20132.458333333332,43.38,7.83
2025-02-13 12:00:00,3.7,20132.5,43.38,7.83
2025-02-13 13:00:00,2.5,20132.541666666668,43.38,7.83
2025-02-13 14:00:00,1.2,20132.583333333332,43.38,7.83
2025-02-13 15:00:00,0.7,20132.625,43.38,7.83
2025-02-13 16:00:00,2.2,20132.666666666668,43.38,7.83
2025-02-13 17:00:00,2.6,20132.708333333332,43.38,7.83
2025-02-13 18:00:00,3.9,20132.75,43.38,7.83
2025-02-13 19:00:00,4.7,20132.791666666668,43.38,7.83
2025-02-13 20:00:00,6.7,20132.833333333332,43.38,7.83
2025-02-13 21:00:00,6.7,20132.875,43.38,7.83
2025-02-13 22:00:00,7.2,20132.916666666668,43.38,7.83
2025-02-13 23:00:00,7.4,20132.958333333332,43.38,7.83
2025-02-14 00:00:00,7.7,20133.0,43.38,7.83
2025-02-14 01:00:00,8.5,20133.041666666668,43.38,7.83
2025-02-14 02:00:00,6.7,20133.083333333332,43.38,7.83
2025-02-14 03:00:00,3.0,20133.125,43.38,7.83
2025-02-14 04:00:00,3.3,20133.166666666668,43.38,7.83
2025-02-14 05:00:00,3.6,20133.208333333332,43.38,7.83
2025-02-14 06:00:00,3.5,20133.25,43.38,7.83
2025-02-14 07:00:00,3.1,20133.291666666668,43.38,7.83
2025-02-14 08:00:00,2.5,20133.333333333332,43.38,7.83
2025-02-14 09:00:00,1.2,20133.375,43.38,7.83
2025-02-14 10:00:00,2.0,20133.416666666668,43.38,7.83
2025-02-14 11:00:00,3.5,20133.458333333332,43.38,7.83
2025-02-14 12:00:00,10.0,20133.5,43.38,7.83
2025-02-14 13:00:00,12.8,20133.541666666668,43.38,7.83
2025-02-14 14:00:00,14.0,20133.583333333332,43.38,7.83
2025-02-14 15:00:00,14.4,20133.625,43.38,7.83
2025-02-14 16:00:00,13.8,20133.666666666668,43.38,7.83
2025-02-14 17:00:00,14.1,20133.708333333332,43.38,7.83
2025-02-14 18:00:00,11.8,20133.75,43.38,7.83
2025-02-14 19:00:00,11.6,20133.791666666668,43.38,7.83
2025-02-14 20:00:00,13.5,20133.833333333332,43.38,7.83
2025-02-14 21:00:00,12.4,20133.875,43.38,7.83
2025-02-14 22:00:00,11.1,20133.916666666668,43.38,7.83
2025-02-14 23:00:00,10.1,20133.958333333332,43.38,7.83
2025-02-15 00:00:00,9.1,20134.0,43.38,7.83
2025-02-15 01:00:00,5.3,20134.041666666668,43.38,7.83
2025-02-15 02:00:00,8.8,20134.083333333332,43.38,7.83
2025-02-15 03:00:00,10.8,20134.125,43.38,7.83
2025-02-15 04:00:00,9.0,20134.166666666668,43.38,7.83
2025-02-15 05:00:00,11.4,20134.208333333332,43.38,7.83
2025-02-15 06:00:00,11.1,20134.25,43.38,7.83
2025-02-15 07:00:00,7.6,20134.291666666668,43.38,7.83
2025-02-15 08:00:00,5.1,20134.333333333332,43.38,7.83
2025-02-15 09:00:00,2.9,20134.375,43.38,7.83
2025-02-15 10:00:00,1.5,20134.416666666668,43.38,7.83
2025-02-15 11:00:00,6.5,20134.458333333332,43.38,7.83
2025-02-15 15:00:00,3.6,20134.625,43.38,7.83
2025-02-15 16:00:00,2.1,20134.666666666668,43.38,7.83
2025-02-15 17:00:00,3.2,20134.708333333332,43.38,7.83
2025-02-15 18:00:00,2.2,20134.75,43.38,7.83
2025-02-15 19:00:00,2.4,20134.791666666668,43.38,7.83
2025-02-15 20:00:00,2.2,20134.833333333332,43.38,7.83
2025-02-15 21:00:00,2.4,20134.875,43.38,7.83
2025-02-15 22:00:00,3.2,20134.916666666668,43.38,7.83
2025-02-15 23:00:00,3.8,20134.958333333332,43.38,7.83
2025-02-16 00:00:00,3.7,20135.0,43.38,7.83
2025-02-16 01:00:00,3.3,20135.041666666668,43.38,7.83
2025-02-16 02:00:00,5.3,20135.083333333332,43.38,7.83
2025-02-16 03:00:00,5.4,20135.125,43.38,7.83
2025-02-16 04:00:00,4.3,20135.166666666668,43.38,7.83
2025-02-16 05:00:00,2.7,20135.208333333332,43.38,7.83
2025-02-16 06:00:00,3.7,20135.25,43.38,7.83
2025-02-16 07:00:00,3.0,20135.291666666668,43.38,7.83
2025-02-16 08:00:00,1.3,20135.333333333332,43.38,7.83
2025-02-16 09:00:00,1.6,20135.375,43.38,7.83
2025-02-16 10:00:00,3.3,20135.416666666668,43.38,7.83
2025-02-16 11:00:00,2.5,20135.458333333332,43.38,7.83
2025-02-16 12:00:00,1.9,20135.5,43.38,7.83
2025-02-16 13:00:00,1.6,20135.541666666668,43.38,7.83
2025-02-16 14:00:00,1.8,20135.583333333332,43.38,7.83
2025-02-16 15:00:00,1.0,20135.625,43.38,7.83
2025-02-16 18:00:00,1.0,20135.75,43.38,7.83
2025-02-16 19:00:00,1.9,20135.791666666668,43.38,7.83
2025-02-16 20:00:00,2.9,20135.833333333332,43.38,7.83
2025-02-16 21:00:00,5.4,20135.875,43.38,7.83
2025-02-16 22:00:00,6.5,20135.916666666668,43.38,7.83
2025-02-16 23:00:00,6.5,20135.958333333332,43.38,7.83
2025-02-17 00:00:00,7.8,20136.0,43.38,7.83
2025-02-17 01:00:00,8.4,20136.041666666668,43.38,7.83
2025-02-17 02:00:00,8.9,20136.083333333332,43.38,7.83
2025-02-17 03:00:00,9.3,20136.125,43.38,7.83
2025-02-17 04:00:00,8.9,20136.166666666668,43.38,7.83
2025-02-17 05:00:00,8.6,20136.208333333332,43.38,7.83
2025-02-17 06:00:00,8.6,20136.25,43.38,7.83
2025-02-17 07:00:00,9.2,20136.291666666668,43.38,7.83
2025-02-17 08:00:00,9.8,20136.333333333332,43.38,7.83
2025-02-17 09:00:00,9.7,20136.375,43.38,7.83
2025-02-17 10:00:00,10.2,20136.416666666668,43.38,7.83
2025-02-17 11:00:00,10.3,20136.458333333332,43.38,7.83
2025-02-17 12:00:00,9.2,20136.5,43.38,7.83
2025-02-17 13:00:00,9.0,20136.541666666668,43.38,7.83
2025-02-17 14:00:00,9.0,20136.583333333332,43.38,7.83
2025-02-17 15:00:00,8.6,20136.625,43.38,7.83
2025-02-17 16:00:00,8.6,20136.666666666668,43.38,7.83
2025-02-17 17:00:00,8.6,20136.708333333332,43.38,7.83
2025-02-17 18:00:00,8.4,20136.75,43.38,7.83
2025-02-17 19:00:00,7.9,20136.791666666668,43.38,7.83
2025-02-17 20:00:00,8.1,20136.833333333332,43.38,7.83
2025-02-17 21:00:00,7.7,20136.875,43.38,7.83
2025-02-17 22:00:00,7.9,20136.916666666668,43.38,7.83
2025-02-17 23:00:00,7.4,20136.958333333332,43.38,7.83
2025-02-18 00:00:00,7.6,20137.0,43.38,7.83
2025-02-18 01:00:00,6.8,20137.041666666668,43.38,7.83
2025-02-18 02:00:00,6.9,20137.083333333332,43.38,7.83
2025-02-18 03:00:00,7.1,20137.125,43.38,7.83
2025-02-18 04:00:00,6.2,20137.166666666668,43.38,7.83
2025-02-18 05:00:00,6.4,20137.208333333332,43.38,7.83
2025-02-18 06:00:00,6.6,20137.25,43.38,7.83
2025-02-18 07:00:00,6.0,20137.291666666668,43.38,7.83
2025-02-18 08:00:00,6.4,20137.333333333332,43.38,7.83
2025-02-18 09:00:00,6.1,20137.375,43.38,7.83
2025-02-18 10:00:00,6.3,20137.416666666668,43.38,7.83
2025-02-18 11:00:00,6.3,20137.458333333332,43.38,7.83
2025-02-18 12:00:00,6.1,20137.5,43.38,7.83
2025-02-18 13:00:00,5.1,20137.541666666668,43.38,7.83
2025-02-18 14:00:00,4.9,20137.583333333332,43.38,7.83
2025-02-18 15:00:00,4.8,20137.625,43.38,7.83
2025-02-18 16:00:00,5.2,20137.666666666668,43.38,7.83
2025-02-18 17:00:00,5.6,20137.708333333332,43.38,7.83
2025-02-18 18:00:00,6.1,20137.75,43.38,7.83
2025-02-18 19:00:00,7.1,20137.791666666668,43.38,7.83
2025-02-18 20:00:00,8.0,20137.833333333332,43.38,7.83
2025-02-18 21:00:00,8.6,20137.875,43.38,7.83
2025-02-18 22:00:00,8.6,20137.916666666668,43.38,7.83
2025-02-18 23:00:00,8.8,20137.958333333332,43.38,7.83
2025-02-19 00:00:00,9.5,20138.0,43.38,7.83
2025-02-19 01:00:00,9.7,20138.041666666668,43.38,7.83
2025-02-19 02:00:00,9.2,20138.083333333332,43.38,7.83
2025-02-19 03:00:00,9.4,20138.125,43.38,7.83
2025-02-19 04:00:00,9.2,20138.166666666668,43.38,7.83
2025-02-19 05:00:00,9.5,20138.208333333332,43.38,7.83
2025-02-19 06:00:00,9.2,20138.25,43.38,7.83
2025-02-19 07:00:00,10.2,20138.291666666668,43.38,7.83
2025-02-19 08:00:00,10.7,20138.333333333332,43.38,7.83
2025-02-19 09:00:00,11.0,20138.375,43.38,7.83
2025-02-19 10:00:00,11.6,20138.416666666668,43.38,7.83
2025-02-19 11:00:00,11.8,20138.458333333332,43.38,7.83
2025-02-19 12:00:00,11.6,20138.5,43.38,7.83
2025-02-19 13:00:00,11.7,20138.541666666668,43.38,7.83
2025-02-19 14:00:00,11.3,20138.583333333332,43.38,7.83
2025-02-19 15:00:00,11.6,20138.625,43.38,7.83
2025-02-19 16:00:00,11.1,20138.666666666668,43.38,7.83
2025-02-19 17:00:00,10.8,20138.708333333332,43.38,7.83
2025-02-19 18:00:00,10.4,20138.75,43.38,7.83
2025-02-19 21:00:00,,20138.875,43.38,7.83
2025-02-20 00:00:00,9.3,20139.0,43.38,7.83
2025-02-20 01:00:00,9.3,20139.041666666668,43.38,7.83
2025-02-20 02:00:00,8.6,20139.083333333332,43.38,7.83
2025-02-20 03:00:00,9.0,20139.125,43.38,7.83
2025-02-20 04:00:00,8.5,20139.166666666668,43.38,7.83
2025-02-20 05:00:00,8.4,20139.208333333332,43.38,7.83
2025-02-20 06:00:00,8.0,20139.25,43.38,7.83
2025-02-20 07:00:00,8.2,20139.291666666668,43.38,7.83
2025-02-20 08:00:00,9.0,20139.333333333332,43.38,7.83
2025-02-20 09:00:00,8.8,20139.375,43.38,7.83
2025-02-20 10:00:00,8.6,20139.416666666668,43.38,7.83
2025-02-20 11:00:00,8.7,20139.458333333332,43.38,7.83
2025-02-20 12:00:00,8.4,20139.5,43.38,7.83
2025-02-20 13:00:00,7.5,20139.541666666668,43.38,7.83
2025-02-20 14:00:00,6.8,20139.583333333332,43.38,7.83
2025-02-20 15:00:00,5.9,20139.625,43.38,7.83
2025-02-20 16:00:00,5.8,20139.666666666668,43.38,7.83
2025-02-20 17:00:00,5.8,20139.708333333332,43.38,7.83
2025-02-20 18:00:00,6.2,20139.75,43.38,7.83
2025-02-20 19:00:00,6.0,20139.791666666668,43.38,7.83
2025-02-20 20:00:00,6.6,20139.833333333332,43.38,7.83
2025-02-20 21:00:00,6.5,20139.875,43.38,7.83
2025-02-20 22:00:00,,20139.916666666668,43.38,7.83
2025-02-20 23:00:00,7.9,20139.958333333332,43.38,7.83
2025-02-21 00:00:00,8.2,20140.0,43.38,7.83
2025-02-21 01:00:00,8.2,20140.041666666668,43.38,7.83
2025-02-21 02:00:00,8.1,20140.083333333332,43.38,7.83
2025-02-21 03:00:00,8.2,20140.125,43.38,7.83
2025-02-21 04:00:00,8.0,20140.166666666668,43.38,7.83
2025-02-21 05:00:00,8.1,20140.208333333332,43.38,7.83
2025-02-21 06:00:00,8.2,20140.25,43.38,7.83
2025-02-21 07:00:00,7.9,20140.291666666668,43.38,7.83
2025-02-21 08:00:00,7.6,20140.333333333332,43.38,7.83
2025-02-21 09:00:00,7.2,20140.375,43.38,7.83
2025-02-21 10:00:00,7.7,20140.416666666668,43.38,7.83
2025-02-21 11:00:00,6.3,20140.458333333332,43.38,7.83
2025-02-21 12:00:00,5.9,20140.5,43.38,7.83
2025-02-21 13:00:00,6.0,20140.541666666668,43.38,7.83
2025-02-21 14:00:00,6.4,20140.583333333332,43.38,7.83
2025-02-21 15:00:00,6.6,20140.625,43.38,7.83
2025-02-21 16:00:00,6.3,20140.666666666668,43.38,7.83
2025-02-21 17:00:00,6.7,20140.708333333332,43.38,7.83
2025-02-21 18:00:00,5.9,20140.75,43.38,7.83
2025-02-21 19:00:00,5.7,20140.791666666668,43.38,7.83
2025-02-21 20:00:00,5.9,20140.833333333332,43.38,7.83
2025-02-21 21:00:00,6.5,20140.875,43.38,7.83
2025-02-21 22:00:00,5.6,20140.916666666668,43.38,7.83
2025-02-21 23:00:00,7.2,20140.958333333332,43.38,7.83
2025-02-22 00:00:00,7.9,20141.0,43.38,7.83
2025-02-22 01:00:00,7.9,20141.041666666668,43.38,7.83
2025-02-22 02:00:00,6.9,20141.083333333332,43.38,7.83
2025-02-22 03:00:00,6.3,20141.125,43.38,7.83
2025-02-22 04:00:00,5.7,20141.166666666668,43.38,7.83
2025-02-22 05:00:00,4.5,20141.208333333332,43.38,7.83
2025-02-22 06:00:00,4.5,20141.25,43.38,7.83
2025-02-22 07:00:00,5.2,20141.291666666668,43.38,7.83
2025-02-22 08:00:00,4.9,20141.333333333332,43.38,7.83
2025-02-22 09:00:00,5.6,20141.375,43.38,7.83
2025-02-22 10:00:00,5.6,20141.416666666668,43.38,7.83
2025-02-22 11:00:00,5.1,20141.458333333332,43.38,7.83
2025-02-22 12:00:00,6.0,20141.5,43.38,7.83
2025-02-22 13:00:00,5.6,20141.541666666668,43.38,7.83
2025-02-22 14:00:00,4.9,20141.583333333332,43.38,7.83
2025-02-22 15:00:00,4.7,20141.625,43.38,7.83
2025-02-22 16:00:00,5.4,20141.666666666668,43.38,7.83
2025-02-22 17:00:00,6.2,20141.708333333332,43.38,7.83
2025-02-22 18:00:00,6.1,20141.75,43.38,7.83
2025-02-22 19:00:00,6.1,20141.791666666668,43.38,7.83
2025-02-22 20:00:00,5.7,20141.833333333332,43.38,7.83
2025-02-22 21:00:00,5.8,20141.875,43.38,7.83
2025-02-22 23:00:00,6.6,20141.958333333332,43.38,7.83
2025-02-23 00:00:00,7.3,20142.0,43.38,7.83
2025-02-23 01:00:00,7.8,20142.041666666668,43.38,7.83
2025-02-23 02:00:00,7.4,20142.083333333332,43.38,7.83
2025-02-23 03:00:00,7.4,20142.125,43.38,7.83
2025-02-23 04:00:00,6.7,20142.166666666668,43.38,7.83
2025-02-23 05:00:00,6.4,20142.208333333332,43.38,7.83
2025-02-23 06:00:00,6.0,20142.25,43.38,7.83
2025-02-23 07:00:00,6.1,20142.291666666668,43.38,7.83
2025-02-23 08:00:00,5.8,20142.333333333332,43.38,7.83
2025-02-23 09:00:00,6.1,20142.375,43.38,7.83
2025-02-23 10:00:00,5.4,20142.416666666668,43.38,7.83
2025-02-23 11:00:00,5.2,20142.458333333332,43.38,7.83
2025-02-23 12:00:00,4.1,20142.5,43.38,7.83
2025-02-23 13:00:00,3.0,20142.541666666668,43.38,7.83
2025-02-23 14:00:00,2.1,20142.583333333332,43.38,7.83
2025-02-23 15:00:00,1.8,20142.625,43.38,7.83
2025-02-23 16:00:00,0.7,20142.666666666668,43.38,7.83
2025-02-23 17:00:00,0.7,20142.708333333332,43.38,7.83
2025-02-23 18:00:00,1.5,20142.75,43.38,7.83
2025-02-23 19:00:00,1.0,20142.791666666668,43.38,7.83
2025-02-23 20:00:00,1.8,20142.833333333332,43.38,7.83
2025-02-23 21:00:00,1.5,20142.875,43.38,7.83
2025-02-23 22:00:00,2.6,20142.916666666668,43.38,7.83
2025-02-23 23:00:00,2.1,20142.958333333332,43.38,7.83
2025-02-24 00:00:00,1.5,20143.0,43.38,7.83
2025-02-24 01:00:00,2.3,20143.041666666668,43.38,7.83
2025-02-24 02:00:00,2.3,20143.083333333332,43.38,7.83
2025-02-24 03:00:00,3.4,20143.125,43.38,7.83
2025-02-24 04:00:00,3.0,20143.166666666668,43.38,7.83
2025-02-24 05:00:00,2.7,20143.208333333332,43.38,7.83
2025-02-24 06:00:00,3.1,20143.25,43.38,7.83
2025-02-24 07:00:00,4.2,20143.291666666668,43.38,7.83
2025-02-24 08:00:00,3.6,20143.333333333332,43.38,7.83
2025-02-24 09:00:00,3.3,20143.375,43.38,7.83
2025-02-24 10:00:00,3.4,20143.416666666668,43.38,7.83
2025-02-24 11:00:00,3.7,20143.458333333332,43.38,7.83
2025-02-24 12:00:00,3.4,20143.5,43.38,7.83
2025-02-24 13:00:00,4.7,20143.541666666668,43.38,7.83
2025-02-24 14:00:00,4.9,20143.583333333332,43.38,7.83
2025-02-24 15:00:00,5.4,20143.625,43.38,7.83
2025-02-24 16:00:00,4.5,20143.666666666668,43.38,7.83
2025-02-24 17:00:00,4.7,20143.708333333332,43.38,7.83
2025-02-24 18:00:00,5.1,20143.75,43.38,7.83
2025-02-24 19:00:00,4.7,20143.791666666668,43.38,7.83
2025-02-24 20:00:00,4.9,20143.833333333332,43.38,7.83
2025-02-24 21:00:00,6.6,20143.875,43.38,7.83
2025-02-24 22:00:00,6.7,20143.916666666668,43.38,7.83
2025-02-24 23:00:00,6.9,20143.958333333332,43.38,7.83
2025-02-25 00:00:00,7.3,20144.0,43.38,7.83
2025-02-25 01:00:00,7.1,20144.041666666668,43.38,7.83
2025-02-25 02:00:00,7.6,20144.083333333332,43.38,7.83
2025-02-25 03:00:00,6.8,20144.125,43.38,7.83
2025-02-25 04:00:00,6.1,20144.166666666668,43.38,7.83
2025-02-25 05:00:00,6.2,20144.208333333332,43.38,7.83
2025-02-25 06:00:00,4.8,20144.25,43.38,7.83
2025-02-25 07:00:00,5.2,20144.291666666668,43.38,7.83
2025-02-25 08:00:00,4.6,20144.333333333332,43.38,7.83
2025-02-25 09:00:00,5.5,20144.375,43.38,7.83
2025-02-25 12:00:00,5.3,20144.5,43.38,7.83
2025-02-25 13:00:00,5.9,20144.541666666668,43.38,7.83
2025-02-25 14:00:00,3.4,20144.583333333332,43.38,7.83
2025-02-25 15:00:00,4.7,20144.625,43.38,7.83
2025-02-25 16:00:00,3.6,20144.666666666668,43.38,7.83
2025-02-25 17:00:00,3.7,20144.708333333332,43.38,7.83
2025-02-25 18:00:00,4.1,20144.75,43.38,7.83
2025-02-25 19:00:00,5.6,20144.791666666668,43.38,7.83
2025-02-25 20:00:00,6.6,20144.833333333332,43.38,7.83
2025-02-25 21:00:00,7.4,20144.875,43.38,7.83
2025-02-25 22:00:00,8.7,20144.916666666668,43.38,7.83
2025-02-25 23:00:00,8.2,20144.958333333332,43.38,7.83
2025-02-26 00:00:00,6.3,20145.0,43.38,7.83
2025-02-26 01:00:00,7.0,20145.041666666668,43.38,7.83
2025-02-26 02:00:00,4.5,20145.083333333332,43.38,7.83
2025-02-26 03:00:00,1.7,20145.125,43.38,7.83
2025-02-26 04:00:00,5.3,20145.166666666668,43.38,7.83
2025-02-26 05:00:00,7.0,20145.208333333332,43.38,7.83
2025-02-26 06:00:00,8.8,20145.25,43.38,7.83
2025-02-26 07:00:00,8.4,20145.291666666668,43.38,7.83
2025-02-26 08:00:00,9.6,20145.333333333332,43.38,7.83
2025-02-26 09:00:00,5.9,20145.375,43.38,7.83
2025-02-26 10:00:00,5.7,20145.416666666668,43.38,7.83
2025-02-26 11:00:00,6.4,20145.458333333332,43.38,7.83
2025-02-26 12:00:00,5.0,20145.5,43.38,7.83
2025-02-26 13:00:00,3.1,20145.541666666668,43.38,7.83
2025-02-26 14:00:00,3.1,20145.583333333332,43.38,7.83
2025-02-26 15:00:00,4.3,20145.625,43.38,7.83
2025-02-26 16:00:00,6.6,20145.666666666668,43.38,7.83
2025-02-26 17:00:00,6.4,20145.708333333332,43.38,7.83
2025-02-26 18:00:00,6.6,20145.75,43.38,7.83
2025-02-26 19:00:00,5.1,20145.791666666668,43.38,7.83
2025-02-26 20:00:00,3.2,20145.833333333332,43.38,7.83
2025-02-26 21:00:00,1.7,20145.875,43.38,7.83
2025-02-26 22:00:00,1.4,20145.916666666668,43.38,7.83
2025-02-26 23:00:00,0.5,20145.958333333332,43.38,7.83
2025-02-27 00:00:00,1.3,20146.0,43.38,7.83
2025-02-27 01:00:00,1.4,20146.041666666668,43.38,7.83
2025-02-27 02:00:00,1.8,20146.083333333332,43.38,7.83
2025-02-27 03:00:00,0.9,20146.125,43.38,7.83
2025-02-27 04:00:00,1.7,20146.166666666668,43.38,7.83
2025-02-27 05:00:00,1.1,20146.208333333332,43.38,7.83
2025-02-27 06:00:00,0.9,20146.25,43.38,7.83
2025-02-27 07:00:00,2.3,20146.291666666668,43.38,7.83
2025-02-27 08:00:00,1.8,20146.333333333332,43.38,7.83
2025-02-27 09:00:00,1.8,20146.375,43.38,7.83
2025-02-27 10:00:00,2.1,20146.416666666668,43.38,7.83
2025-02-27 11:00:00,2.3,20146.458333333332,43.38,7.83
2025-02-27 12:00:00,4.6,20146.5,43.38,7.83
2025-02-27 13:00:00,4.5,20146.541666666668,43.38,7.83
2025-02-27 14:00:00,3.9,20146.583333333332,43.38,7.83
2025-02-27 15:00:00,2.6,20146.625,43.38,7.83
2025-02-27 16:00:00,2.6,20146.666666666668,43.38,7.83
2025-02-27 17:00:00,3.4,20146.708333333332,43.38,7.83
2025-02-27 18:00:00,3.1,20146.75,43.38,7.83
2025-02-27 19:00:00,2.9,20146.791666666668,43.38,7.83
2025-02-27 20:00:00,2.8,20146.833333333332,43.38,7.83
2025-02-27 21:00:00,2.1,20146.875,43.38,7.83
2025-02-27 22:00:00,6.5,20146.916666666668,43.38,7.83
2025-02-27 23:00:00,6.3,20146.958333333332,43.38,7.83
2025-02-28 00:00:00,6.5,20147.0,43.38,7.83
2025-02-28 01:00:00,5.7,20147.041666666668,43.38,7.83
2025-02-28 02:00:00,5.7,20147.083333333332,43.38,7.83
2025-02-28 03:00:00,6.6,20147.125,43.38,7.83
2025-02-28 04:00:00,6.0,20147.166666666668,43.38,7.83
2025-02-28 05:00:00,6.2,20147.208333333332,43.38,7.83
2025-02-28 06:00:00,5.7,20147.25,43.38,7.83
2025-02-28 07:00:00,6.3,20147.291666666668,43.38,7.83
2025-02-28 08:00:00,6.9,20147.333333333332,43.38,7.83
2025-02-28 09:00:00,5.0,20147.375,43.38,7.83
2025-02-28 10:00:00,4.2,20147.416666666668,43.38,7.83
2025-02-28 11:00:00,4.3,20147.458333333332,43.38,7.83
2025-02-28 12:00:00,3.8,20147.5,43.38,7.83
2025-02-28 13:00:00,4.2,20147.541666666668,43.38,7.83
2025-02-28 14:00:00,7.6,20147.583333333332,43.38,7.83
2025-02-28 15:00:00,7.8,20147.625,43.38,7.83
2025-02-28 16:00:00,7.6,20147.666666666668,43.38,7.83
2025-02-28 17:00:00,8.0,20147.708333333332,43.38,7.83
2025-02-28 18:00:00,8.0,20147.75,43.38,7.83
2025-02-28 19:00:00,7.0,20147.791666666668,43.38,7.83
2025-02-28 20:00:00,6.0,20147.833333333332,43.38,7.83
2025-02-28 21:00:00,5.1,20147.875,43.38,7.83
2025-02-28 22:00:00,5.9,20147.916666666668,43.38,7.83
2025-02-28 23:00:00,6.9,20147.958333333332,43.38,7.83
2025-03-01 00:00:00,6.7,20148.0,43.38,7.83
2025-03-01 01:00:00,6.4,20148.041666666668,43.38,7.83
2025-03-01 02:00:00,7.4,20148.083333333332,43.38,7.83
2025-03-01 03:00:00,7.8,20148.125,43.38,7.83
2025-03-01 04:00:00,7.8,20148.166666666668,43.38,7.83
2025-03-01 05:00:00,8.3,20148.208333333332,43.38,7.83
2025-03-01 06:00:00,9.0,20148.25,43.38,7.83
2025-03-01 07:00:00,10.4,20148.291666666668,43.38,7.83
2025-03-01 08:00:00,10.6,20148.333333333332,43.38,7.83
2025-03-01 09:00:00,11.4,20148.375,43.38,7.83
2025-03-01 10:00:00,11.1,20148.416666666668,43.38,7.83
2025-03-01 11:00:00,11.9,20148.458333333332,43.38,7.83
2025-03-01 12:00:00,12.8,20148.5,43.38,7.83
2025-03-01 13:00:00,12.6,20148.541666666668,43.38,7.83
2025-03-01 14:00:00,13.0,20148.583333333332,43.38,7.83
2025-03-01 15:00:00,13.2,20148.625,43.38,7.83
2025-03-01 16:00:00,14.3,20148.666666666668,43.38,7.83
2025-03-01 17:00:00,14.7,20148.708333333332,43.38,7.83
2025-03-01 18:00:00,13.1,20148.75,43.38,7.83
2025-03-01 19:00:00,14.2,20148.791666666668,43.38,7.83
2025-03-01 20:00:00,14.8,20148.833333333332,43.38,7.83
2025-03-01 21:00:00,14.6,20148.875,43.38,7.83
2025-03-01 22:00:00,13.2,20148.916666666668,43.38,7.83
2025-03-01 23:00:00,13.7,20148.958333333332,43.38,7.83
2025-03-02 00:00:00,14.1,20149.0,43.38,7.83
2025-03-02 01:00:00,14.5,20149.041666666668,43.38,7.83
2025-03-02 02:00:00,13.8,20149.083333333332,43.38,7.83
2025-03-02 03:00:00,13.2,20149.125,43.38,7.83
2025-03-02 04:00:00,14.0,20149.166666666668,43.38,7.83
2025-03-02 05:00:00,14.3,20149.208333333332,43.38,7.83
2025-03-02 06:00:00,15.3,20149.25,43.38,7.83
2025-03-02 07:00:00,14.6,20149.291666666668,43.38,7.83
2025-03-02 08:00:00,16.1,20149.333333333332,43.38,7.83
2025-03-02 09:00:00,14.6,20149.375,43.38,7.83
2025-03-02 10:00:00,14.7,20149.416666666668,43.38,7.83
2025-03-02 11:00:00,14.1,20149.458333333332,43.38,7.83
2025-03-02 12:00:00,14.6,20149.5,43.38,7.83
2025-03-02 13:00:00,13.3,20149.541666666668,43.38,7.83
2025-03-02 14:00:00,12.7,20149.583333333332,43.38,7.83
2025-03-02 15:00:00,12.1,20149.625,43.38,7.83
2025-03-02 16:00:00,11.5,20149.666666666668,43.38,7.83
2025-03-02 17:00:00,11.6,20149.708333333332,43.38,7.83
2025-03-02 18:00:00,12.9,20149.75,43.38,7.83
2025-03-02 19:00:00,12.0,20149.791666666668,43.38,7.83
2025-03-02 20:00:00,11.8,20149.833333333332,43.38,7.83
2025-03-02 21:00:00,11.7,20149.875,43.38,7.83
2025-03-02 22:00:00,11.0,20149.916666666668,43.38,7.83
2025-03-02 23:00:00,10.6,20149.958333333332,43.38,7.83
2025-03-03 00:00:00,11.9,20150.0,43.38,7.83
2025-03-03 01:00:00,12.7,20150.041666666668,43.38,7.83
2025-03-03 02:00:00,12.5,20150.083333333332,43.38,7.83
2025-03-03 03:00:00,11.9,20150.125,43.38,7.83
2025-03-03 04:00:00,12.2,20150.166666666668,43.38,7.83
2025-03-03 05:00:00,11.7,20150.208333333332,43.38,7.83
2025-03-03 06:00:00,11.3,20150.25,43.38,7.83
2025-03-03 07:00:00,11.1,20150.291666666668,43.38,7.83
2025-03-03 08:00:00,10.8,20150.333333333332,43.38,7.83
2025-03-03 09:00:00,10.1,20150.375,43.38,7.83
2025-03-03 10:00:00,10.0,20150.416666666668,43.38,7.83
2025-03-03 11:00:00,8.9,20150.458333333332,43.38,7.83
2025-03-03 12:00:00,8.3,20150.5,43.38,7.83
2025-03-03 13:00:00,8.0,20150.541666666668,43.38,7.83
2025-03-03 14:00:00,6.6,20150.583333333332,43.38,7.83
2025-03-03 15:00:00,7.0,20150.625,43.38,7.83
2025-03-03 16:00:00,7.0,20150.666666666668,43.38,7.83
2025-03-03 17:00:00,6.2,20150.708333333332,43.38,7.83
2025-03-03 18:00:00,7.5,20150.75,43.38,7.83
2025-03-03 19:00:00,5.9,20150.791666666668,43.38,7.83
2025-03-03 20:00:00,3.9,20150.833333333332,43.38,7.83
2025-03-03 21:00:00,4.2,20150.875,43.38,7.83
2025-03-03 22:00:00,4.0,20150.916666666668,43.38,7.83
2025-03-03 23:00:00,3.4,20150.958333333332,43.38,7.83
2025-03-04 00:00:00,4.9,20151.0,43.38,7.83
2025-03-04 01:00:00,7.1,20151.041666666668,43.38,7.83
2025-03-04 02:00:00,7.7,20151.083333333332,43.38,7.83
2025-03-04 03:00:00,8.0,20151.125,43.38,7.83
2025-03-04 04:00:00,8.5,20151.166666666668,43.38,7.83
2025-03-04 05:00:00,9.3,20151.208333333332,43.38,7.83
2025-03-04 06:00:00,8.2,20151.25,43.38,7.83
2025-03-04 07:00:00,9.0,20151.291666666668,43.38,7.83
2025-03-04 08:00:00,8.0,20151.333333333332,43.38,7.83
2025-03-04 12:00:00,,20151.5,43.38,7.83
2025-03-04 14:00:00,7.6,20151.583333333332,43.38,7.83
2025-03-04 15:00:00,7.8,20151.625,43.38,7.83
2025-03-04 16:00:00,7.5,20151.666666666668,43.38,7.83
2025-03-04 17:00:00,7.6,20151.708333333332,43.38,7.83
2025-03-04 18:00:00,7.5,20151.75,43.38,7.83
2025-03-04 19:00:00,6.6,20151.791666666668,43.38,7.83
2025-03-04 20:00:00,5.9,20151.833333333332,43.38,7.83
2025-03-04 21:00:00,5.1,20151.875,43.38,7.83
2025-03-04 22:00:00,7.0,20151.916666666668,43.38,7.83
2025-03-04 23:00:00,7.0,20151.958333333332,43.38,7.83
2025-03-05 00:00:00,6.0,20152.0,43.38,7.83
2025-03-05 01:00:00,6.7,20152.041666666668,43.38,7.83
2025-03-05 02:00:00,7.2,20152.083333333332,43.38,7.83
2025-03-05 03:00:00,7.9,20152.125,43.38,7.83
2025-03-05 04:00:00,8.6,20152.166666666668,43.38,7.83
2025-03-05 05:00:00,9.2,20152.208333333332,43.38,7.83
2025-03-05 06:00:00,9.0,20152.25,43.38,7.83
2025-03-05 07:00:00,8.9,20152.291666666668,43.38,7.83
2025-03-05 08:00:00,9.0,20152.333333333332,43.38,7.83
2025-03-05 09:00:00,8.6,20152.375,43.38,7.83
2025-03-05 10:00:00,7.8,20152.416666666668,43.38,7.83
2025-03-05 12:00:00,8.7,20152.5,43.38,7.83
2025-03-05 14:00:00,8.4,20152.583333333332,43.38,7.83
2025-03-05 15:00:00,8.8,20152.625,43.38,7.83
2025-03-05 17:00:00,8.0,20152.708333333332,43.38,7.83
2025-03-05 18:00:00,7.3,20152.75,43.38,7.83
2025-03-05 19:00:00,7.6,20152.791666666668,43.38,7.83
2025-03-05 23:00:00,8.5,20152.958333333332,43.38,7.83
2025-03-06 01:00:00,8.3,20153.041666666668,43.38,7.83
2025-03-06 03:00:00,6.8,20153.125,43.38,7.83
2025-03-06 05:00:00,8.0,20153.208333333332,43.38,7.83
2025-03-06 06:00:00,8.7,20153.25,43.38,7.83
2025-03-06 07:00:00,8.8,20153.291666666668,43.38,7.83
2025-03-06 09:00:00,7.3,20153.375,43.38,7.83
2025-03-06 11:00:00,8.0,20153.458333333332,43.38,7.83
2025-03-06 17:00:00,8.1,20153.708333333332,43.38,7.83
2025-03-06 20:00:00,9.0,20153.833333333332,43.38,7.83
2025-03-06 22:00:00,9.0,20153.916666666668,43.38,7.83
2025-03-07 02:00:00,8.3,20154.083333333332,43.38,7.83
2025-03-07 03:00:00,8.7,20154.125,43.38,7.83
2025-03-07 04:00:00,8.0,20154.166666666668,43.38,7.83
2025-03-07 05:00:00,8.2,20154.208333333332,43.38,7.83
2025-03-07 06:00:00,7.8,20154.25,43.38,7.83
2025-03-07 07:00:00,8.5,20154.291666666668,43.38,7.83
2025-03-07 09:00:00,8.6,20154.375,43.38,7.83
2025-03-07 10:00:00,8.2,20154.416666666668,43.38,7.83
2025-03-07 13:00:00,8.1,20154.541666666668,43.38,7.83
2025-03-07 14:00:00,6.8,20154.583333333332,43.38,7.83
2025-03-07 15:00:00,6.1,20154.625,43.38,7.83
2025-03-07 17:00:00,6.3,20154.708333333332,43.38,7.83
2025-03-07 19:00:00,4.2,20154.791666666668,43.38,7.83
2025-03-07 22:00:00,6.2,20154.916666666668,43.38,7.83
2025-03-07 23:00:00,7.6,20154.958333333332,43.38,7.83
2025-03-08 01:00:00,,20155.041666666668,43.38,7.83
2025-03-08 05:00:00,7.9,20155.208333333332,43.38,7.83
2025-03-08 07:00:00,7.6,20155.291666666668,43.38,7.83
2025-03-08 09:00:00,7.6,20155.375,43.38,7.83
2025-03-08 10:00:00,8.5,20155.416666666668,43.38,7.83
2025-03-08 13:00:00,7.0,20155.541666666668,43.38,7.83
2025-03-08 14:00:00,6.7,20155.583333333332,43.38,7.83
2025-03-08 15:00:00,5.2,20155.625,43.38,7.83
2025-03-08 16:00:00,4.5,20155.666666666668,43.38,7.83
2025-03-08 17:00:00,4.8,20155.708333333332,43.38,7.83
2025-03-08 18:00:00,4.8,20155.75,43.38,7.83
2025-03-08 19:00:00,5.7,20155.791666666668,43.38,7.83
2025-03-08 21:00:00,5.9,20155.875,43.38,7.83
2025-03-08 22:00:00,5.6,20155.916666666668,43.38,7.83
2025-03-09 00:00:00,7.7,20156.0,43.38,7.83
2025-03-09 01:00:00,8.1,20156.041666666668,43.38,7.83
2025-03-09 02:00:00,8.8,20156.083333333332,43.38,7.83
2025-03-09 04:00:00,10.7,20156.166666666668,43.38,7.83
2025-03-09 07:00:00,11.1,20156.291666666668,43.38,7.83
2025-03-09 10:00:00,11.2,20156.416666666668,43.38,7.83
2025-03-09 11:00:00,11.6,20156.458333333332,43.38,7.83
2025-03-09 13:00:00,13.7,20156.541666666668,43.38,7.83
2025-03-09 19:00:00,14.1,20156.791666666668,43.38,7.83
2025-03-09 20:00:00,13.1,20156.833333333332,43.38,7.83
2025-03-09 21:00:00,11.5,20156.875,43.38,7.83
2025-03-09 22:00:00,8.1,20156.916666666668,43.38,7.83
2025-03-10 00:00:00,5.9,20157.0,43.38,7.83
2025-03-10 03:00:00,6.9,20157.125,43.38,7.83
2025-03-10 05:00:00,4.8,20157.208333333332,43.38,7.83
2025-03-10 06:00:00,3.2,20157.25,43.38,7.83
2025-03-10 07:00:00,3.5,20157.291666666668,43.38,7.83
2025-03-10 12:00:00,2.3,20157.5,43.38,7.83
2025-03-10 13:00:00,3.4,20157.541666666668,43.38,7.83
2025-03-10 16:00:00,1.7,20157.666666666668,43.38,7.83
2025-03-10 18:00:00,1.9,20157.75,43.38,7.83
2025-03-10 19:00:00,4.3,20157.791666666668,43.38,7.83
2025-03-10 22:00:00,4.3,20157.916666666668,43.38,7.83
2025-03-10 23:00:00,3.2,20157.958333333332,43.38,7.83
2025-03-11 03:00:00,5.9,20158.125,43.38,7.83
2025-03-11 05:00:00,5.6,20158.208333333332,43.38,7.83
2025-03-11 06:00:00,3.9,20158.25,43.38,7.83
2025-03-11 07:00:00,2.2,20158.291666666668,43.38,7.83
2025-03-11 08:00:00,2.8,20158.333333333332,43.38,7.83
2025-03-11 09:00:00,4.1,20158.375,43.38,7.83
2025-03-11 10:00:00,7.1,20158.416666666668,43.38,7.83
2025-03-11 12:00:00,4.9,20158.5,43.38,7.83
2025-03-11 13:00:00,3.8,20158.541666666668,43.38,7.83
2025-03-11 15:00:00,2.3,20158.625,43.38,7.83
2025-03-11 19:00:00,7.1,20158.791666666668,43.38,7.83
2025-03-11 21:00:00,9.9,20158.875,43.38,7.83
2025-03-11 22:00:00,1.4,20158.916666666668,43.38,7.83
2025-03-11 23:00:00,2.8,20158.958333333332,43.38,7.83
2025-03-12 00:00:00,1.0,20159.0,43.38,7.83
2025-03-12 01:00:00,1.6,20159.041666666668,43.38,7.83
2025-03-12 02:00:00,2.2,20159.083333333332,43.38,7.83
2025-03-12 07:00:00,0.7,20159.291666666668,43.38,7.83
2025-03-12 10:00:00,4.8,20159.416666666668,43.38,7.83
2025-03-12 13:00:00,6.7,20159.541666666668,43.38,7.83
2025-03-12 18:00:00,6.3,20159.75,43.38,7.83
2025-03-12 23:00:00,8.4,20159.958333333332,43.38,7.83
2025-03-13 07:00:00,10.7,20160.291666666668,43.38,7.83
2025-03-13 08:00:00,11.2,20160.333333333332,43.38,7.83
2025-03-13 09:00:00,10.4,20160.375,43.38,7.83
2025-03-13 11:00:00,9.7,20160.458333333332,43.38,7.83
2025-03-13 12:00:00,8.1,20160.5,43.38,7.83
2025-03-13 15:00:00,7.5,20160.625,43.38,7.83
2025-03-13 16:00:00,7.2,20160.666666666668,43.38,7.83
2025-03-13 18:00:00,4.4,20160.75,43.38,7.83
2025-03-13 20:00:00,2.0,20160.833333333332,43.38,7.83
2025-03-13 21:00:00,2.4,20160.875,43.38,7.83
2025-03-13 22:00:00,3.1,20160.916666666668,43.38,7.83
2025-03-13 23:00:00,3.7,20160.958333333332,43.38,7.83
2025-03-14 02:00:00,3.3,20161.083333333332,43.38,7.83
2025-03-14 05:00:00,8.6,20161.208333333332,43.38,7.83
2025-03-14 06:00:00,7.7,20161.25,43.38,7.83
2025-03-14 07:00:00,7.0,20161.291666666668,43.38,7.83
2025-03-14 10:00:00,5.3,20161.416666666668,43.38,7.83
2025-03-14 11:00:00,5.2,20161.458333333332,43.38,7.83
2025-03-14 12:00:00,4.3,20161.5,43.38,7.83
2025-03-14 13:00:00,3.4,20161.541666666668,43.38,7.83
2025-03-14 14:00:00,4.0,20161.583333333332,43.38,7.83
2025-03-14 15:00:00,2.1,20161.625,43.38,7.83
2025-03-14 16:00:00,3.2,20161.666666666668,43.38,7.83
2025-03-14 17:00:00,3.9,20161.708333333332,43.38,7.83
2025-03-14 18:00:00,5.2,20161.75,43.38,7.83
2025-03-14 23:00:00,5.6,20161.958333333332,43.38,7.83
2025-03-15 00:00:00,5.4,20162.0,43.38,7.83
2025-03-15 01:00:00,4.2,20162.041666666668,43.38,7.83
2025-03-15 05:00:00,7.3,20162.208333333332,43.38,7.83
2025-03-15 07:00:00,5.2,20162.291666666668,43.38,7.83
2025-03-15 10:00:00,3.0,20162.416666666668,43.38,7.83
2025-03-15 11:00:00,3.5,20162.458333333332,43.38,7.83
2025-03-15 12:00:00,3.3,20162.5,43.38,7.83
2025-03-15 17:00:00,8.3,20162.708333333332,43.38,7.83
2025-03-15 19:00:00,9.9,20162.791666666668,43.38,7.83
2025-03-15 22:00:00,14.0,20162.916666666668,43.38,7.83
2025-03-16 00:00:00,13.5,20163.0,43.38,7.83
2025-03-16 01:00:00,13.4,20163.041666666668,43.38,7.83
2025-03-16 04:00:00,13.1,20163.166666666668,43.38,7.83
2025-03-16 06:00:00,13.3,20163.25,43.38,7.83
2025-03-16 07:00:00,13.4,20163.291666666668,43.38,7.83
2025-03-16 10:00:00,13.0,20163.416666666668,43.38,7.83
2025-03-16 12:00:00,13.7,20163.5,43.38,7.83
2025-03-16 14:00:00,13.3,20163.583333333332,43.38,7.83
2025-03-16 15:00:00,14.4,20163.625,43.38,7.83
2025-03-16 16:00:00,13.8,20163.666666666668,43.38,7.83
2025-03-16 17:00:00,13.3,20163.708333333332,43.38,7.83
2025-03-16 18:00:00,12.3,20163.75,43.38,7.83
2025-03-16 21:00:00,10.9,20163.875,43.38,7.83
2025-03-16 23:00:00,8.5,20163.958333333332,43.38,7.83
2025-03-17 03:00:00,6.5,20164.125,43.38,7.83
2025-03-17 06:00:00,4.4,20164.25,43.38,7.83
2025-03-17 07:00:00,2.2,20164.291666666668,43.38,7.83
2025-03-17 10:00:00,2.7,20164.416666666668,43.38,7.83
2025-03-17 11:00:00,1.6,20164.458333333332,43.38,7.83
2025-03-17 13:00:00,3.8,20164.541666666668,43.38,7.83
2025-03-17 14:00:00,2.7,20164.583333333332,43.38,7.83
2025-03-17 15:00:00,3.1,20164.625,43.38,7.83
2025-03-17 16:00:00,2.1,20164.666666666668,43.38,7.83
2025-03-17 17:00:00,0.5,20164.708333333332,43.38,7.83
2025-03-17 22:00:00,2.7,20164.916666666668,43.38,7.83
2025-03-17 23:00:00,3.9,20164.958333333332,43.38,7.83
2025-03-18 03:00:00,5.7,20165.125,43.38,7.83
2025-03-18 04:00:00,7.3,20165.166666666668,43.38,7.83
2025-03-18 06:00:00,9.2,20165.25,43.38,7.83
2025-03-18 07:00:00,11.2,20165.291666666668,43.38,7.83
2025-03-18 11:00:00,11.0,20165.458333333332,43.38,7.83
2025-03-18 13:00:00,10.4,20165.541666666668,43.38,7.83
2025-03-18 14:00:00,9.8,20165.583333333332,43.38,7.83
2025-03-18 17:00:00,11.8,20165.708333333332,43.38,7.83
2025-03-18 18:00:00,11.5,20165.75,43.38,7.83
2025-03-18 19:00:00,11.8,20165.791666666668,43.38,7.83
2025-03-18 21:00:00,13.0,20165.875,43.38,7.83
2025-03-18 22:00:00,11.9,20165.916666666668,43.38,7.83
2025-03-19 02:00:00,14.0,20166.083333333332,43.38,7.83
2025-03-19 05:00:00,11.8,20166.208333333332,43.38,7.83
2025-03-19 07:00:00,10.9,20166.291666666668,43.38,7.83
2025-03-19 10:00:00,9.5,20166.416666666668,43.38,7.83
2025-03-19 11:00:00,10.2,20166.458333333332,43.38,7.83
2025-03-19 12:00:00,8.9,20166.5,43.38,7.83
2025-03-19 15:00:00,9.8,20166.625,43.38,7.83
2025-03-19 16:00:00,9.7,20166.666666666668,43.38,7.83
2025-03-19 17:00:00,9.2,20166.708333333332,43.38,7.83
2025-03-19 18:00:00,8.9,20166.75,43.38,7.83
2025-03-19 19:00:00,7.9,20166.791666666668,43.38,7.83
2025-03-19 20:00:00,7.4,20166.833333333332,43.38,7.83
2025-03-19 21:00:00,7.5,20166.875,43.38,7.83
2025-03-19 22:00:00,7.3,20166.916666666668,43.38,7.83
2025-03-19 23:00:00,8.0,20166.958333333332,43.38,7.83
2025-03-20 02:00:00,9.2,20167.083333333332,43.38,7.83
2025-03-20 03:00:00,9.5,20167.125,43.38,7.83
2025-03-20 05:00:00,9.9,20167.208333333332,43.38,7.83
2025-03-20 06:00:00,9.6,20167.25,43.38,7.83
2025-03-20 08:00:00,9.8,20167.333333333332,43.38,7.83
2025-03-20 09:00:00,9.5,20167.375,43.38,7.83
2025-03-20 11:00:00,10.0,20167.458333333332,43.38,7.83
2025-03-20 12:00:00,10.2,20167.5,43.38,7.83
2025-03-20 13:00:00,9.7,20167.541666666668,43.38,7.83
2025-03-20 15:00:00,10.7,20167.625,43.38,7.83
2025-03-20 17:00:00,10.5,20167.708333333332,43.38,7.83
2025-03-20 18:00:00,10.6,20167.75,43.38,7.83
2025-03-20 23:00:00,12.7,20167.958333333332,43.38,7.83
2025-03-21 03:00:00,13.8,20168.125,43.38,7.83
2025-03-21 06:00:00,13.9,20168.25,43.38,7.83
2025-03-21 08:00:00,14.4,20168.333333333332,43.38,7.83
2025-03-21 09:00:00,13.7,20168.375,43.38,7.83
2025-03-21 12:00:00,15.0,20168.5,43.38,7.83
2025-03-21 13:00:00,15.6,20168.541666666668,43.38,7.83
2025-03-21 19:00:00,13.1,20168.791666666668,43.38,7.83
2025-03-21 22:00:00,3.6,20168.916666666668,43.38,7.83
2025-03-21 23:00:00,4.1,20168.958333333332,43.38,7.83
2025-03-22 00:00:00,4.6,20169.0,43.38,7.83
2025-03-22 01:00:00,5.1,20169.041666666668,43.38,7.83
2025-03-22 03:00:00,9.1,20169.125,43.38,7.83
2025-03-22 07:00:00,8.1,20169.291666666668,43.38,7.83
2025-03-22 09:00:00,7.6,20169.375,43.38,7.83
2025-03-22 10:00:00,7.3,20169.416666666668,43.38,7.83
2025-03-22 11:00:00,7.3,20169.458333333332,43.38,7.83
2025-03-22 12:00:00,7.7,20169.5,43.38,7.83
2025-03-22 14:00:00,9.1,20169.583333333332,43.38,7.83
2025-03-22 16:00:00,8.4,20169.666666666668,43.38,7.83
2025-03-22 17:00:00,9.6,20169.708333333332,43.38,7.83
2025-03-22 18:00:00,9.9,20169.75,43.38,7.83
2025-03-22 20:00:00,10.9,20169.833333333332,43.38,7.83
2025-03-22 21:00:00,11.2,20169.875,43.38,7.83
2025-03-22 22:00:00,7.4,20169.916666666668,43.38,7.83
2025-03-23 00:00:00,8.2,20170.0,43.38,7.83
2025-03-23 02:00:00,9.0,20170.083333333332,43.38,7.83
2025-03-23 03:00:00,11.7,20170.125,43.38,7.83
2025-03-23 05:00:00,7.2,20170.208333333332,43.38,7.83
2025-03-23 06:00:00,6.4,20170.25,43.38,7.83
2025-03-23 07:00:00,4.8,20170.291666666668,43.38,7.83
2025-03-23 08:00:00,4.2,20170.333333333332,43.38,7.83
2025-03-23 09:00:00,1.9,20170.375,43.38,7.83
2025-03-23 10:00:00,2.0,20170.416666666668,43.38,7.83
2025-03-23 14:00:00,1.8,20170.583333333332,43.38,7.83
2025-03-23 15:00:00,3.3,20170.625,43.38,7.83
2025-03-23 16:00:00,3.4,20170.666666666668,43.38,7.83
2025-03-23 18:00:00,0.6,20170.75,43.38,7.83
2025-03-23 19:00:00,3.9,20170.791666666668,43.38,7.83
2025-03-23 21:00:00,6.9,20170.875,43.38,7.83
2025-03-23 23:00:00,6.2,20170.958333333332,43.38,7.83
2025-03-24 01:00:00,5.0,20171.041666666668,43.38,7.83
2025-03-24 05:00:00,2.3,20171.208333333332,43.38,7.83
2025-03-24 07:00:00,2.2,20171.291666666668,43.38,7.83
2025-03-24 08:00:00,2.1,20171.333333333332,43.38,7.83
2025-03-24 10:00:00,2.1,20171.416666666668,43.38,7.83
2025-03-24 12:00:00,2.3,20171.5,43.38,7.83
2025-03-24 13:00:00,2.4,20171.541666666668,43.38,7.83
2025-03-24 16:00:00,2.7,20171.666666666668,43.38,7.83
2025-03-24 17:00:00,2.0,20171.708333333332,43.38,7.83
2025-03-24 18:00:00,2.2,20171.75,43.38,7.83
2025-03-24 19:00:00,0.6,20171.791666666668,43.38,7.83
2025-03-24 23:00:00,2.6,20171.958333333332,43.38,7.83
2025-03-25 00:00:00,0.7,20172.0,43.38,7.83
2025-03-25 02:00:00,3.6,20172.083333333332,43.38,7.83
2025-03-25 04:00:00,3.1,20172.166666666668,43.38,7.83
2025-03-25 05:00:00,3.9,20172.208333333332,43.38,7.83
2025-03-25 07:00:00,2.5,20172.291666666668,43.38,7.83
2025-03-25 08:00:00,1.7,20172.333333333332,43.38,7.83
2025-03-25 09:00:00,0.8,20172.375,43.38,7.83
2025-03-25 10:00:00,0.5,20172.416666666668,43.38,7.83
2025-03-25 11:00:00,0.8,20172.458333333332,43.38,7.83
2025-03-25 14:00:00,1.0,20172.583333333332,43.38,7.83
2025-03-25 15:00:00,0.7,20172.625,43.38,7.83
2025-03-25 18:00:00,3.0,20172.75,43.38,7.83
2025-03-25 19:00:00,3.3,20172.791666666668,43.38,7.83
2025-03-25 20:00:00,3.0,20172.833333333332,43.38,7.83
2025-03-25 22:00:00,2.8,20172.916666666668,43.38,7.83
2025-03-25 23:00:00,2.0,20172.958333333332,43.38,7.83
2025-03-26 02:00:00,2.5,20173.083333333332,43.38,7.83
2025-03-26 03:00:00,1.9,20173.125,43.38,7.83
2025-03-26 04:00:00,0.8,20173.166666666668,43.38,7.83
2025-03-26 05:00:00,0.9,20173.208333333332,43.38,7.83
2025-03-26 11:00:00,5.8,20173.458333333332,43.38,7.83
2025-03-26 12:00:00,4.1,20173.5,43.38,7.83
2025-03-26 13:00:00,2.5,20173.541666666668,43.38,7.83
2025-03-26 14:00:00,1.8,20173.583333333332,43.38,7.83
2025-03-26 16:00:00,3.6,20173.666666666668,43.38,7.83
2025-03-26 18:00:00,5.5,20173.75,43.38,7.83
2025-03-26 19:00:00,3.8,20173.791666666668,43.38,7.83
2025-03-26 22:00:00,4.9,20173.916666666668,43.38,7.83
2025-03-26 23:00:00,3.5,20173.958333333332,43.38,7.83
2025-03-27 01:00:00,3.1,20174.041666666668,43.38,7.83
2025-03-27 02:00:00,2.4,20174.083333333332,43.38,7.83
2025-03-27 04:00:00,3.0,20174.166666666668,43.38,7.83
2025-03-27 05:00:00,4.0,20174.208333333332,43.38,7.83
2025-03-27 07:00:00,4.1,20174.291666666668,43.38,7.83
2025-03-27 08:00:00,2.7,20174.333333333332,43.38,7.83
2025-03-27 10:00:00,1.3,20174.416666666668,43.38,7.83
2025-03-27 12:00:00,2.4,20174.5,43.38,7.83
2025-03-27 16:00:00,4.7,20174.666666666668,43.38,7.83
2025-03-27 17:00:00,5.4,20174.708333333332,43.38,7.83
2025-03-27 21:00:00,1.5,20174.875,43.38,7.83
2025-03-27 22:00:00,2.3,20174.916666666668,43.38,7.83
2025-03-27 23:00:00,2.0,20174.958333333332,43.38,7.83
2025-03-28 00:00:00,3.8,20175.0,43.38,7.83
2025-03-28 01:00:00,3.7,20175.041666666668,43.38,7.83
2025-03-28 02:00:00,3.5,20175.083333333332,43.38,7.83
2025-03-28 05:00:00,1.9,20175.208333333332,43.38,7.83
2025-03-28 06:00:00,0.6,20175.25,43.38,7.83
2025-03-28 08:00:00,1.6,20175.333333333332,43.38,7.83
2025-03-28 09:00:00,2.1,20175.375,43.38,7.83
2025-03-28 17:00:00,,20175.708333333332,43.38,7.83
2025-03-28 20:00:00,0.6,20175.833333333332,43.38,7.83
2025-03-28 21:00:00,3.0,20175.875,43.38,7.83
2025-03-29 01:00:00,1.1,20176.041666666668,43.38,7.83
2025-03-29 03:00:00,0.6,20176.125,43.38,7.83
2025-03-29 06:00:00,2.7,20176.25,43.38,7.83
2025-03-29 09:00:00,7.5,20176.375,43.38,7.83
2025-03-29 11:00:00,13.7,20176.458333333332,43.38,7.83
2025-03-29 12:00:00,9.6,20176.5,43.38,7.83
2025-03-29 13:00:00,11.4,20176.541666666668,43.38,7.83
2025-03-29 16:00:00,4.1,20176.666666666668,43.38,7.83
2025-03-29 17:00:00,2.2,20176.708333333332,43.38,7.83
2025-03-30 01:00:00,3.7,20177.041666666668,43.38,7.83
2025-03-30 06:00:00,5.4,20177.25,43.38,7.83
2025-03-30 09:00:00,3.0,20177.375,43.38,7.83
2025-03-30 10:00:00,3.9,20177.416666666668,43.38,7.83
2025-03-30 11:00:00,2.9,20177.458333333332,43.38,7.83
2025-03-30 13:00:00,2.8,20177.541666666668,43.38,7.83
2025-03-30 16:00:00,3.9,20177.666666666668,43.38,7.83
2025-03-30 17:00:00,5.3,20177.708333333332,43.38,7.83
2025-03-30 20:00:00,5.5,20177.833333333332,43.38,7.83
2025-03-30 23:00:00,3.8,20177.958333333332,43.38,7.83
2025-03-31 00:00:00,4.6,20178.0,43.38,7.83
2025-03-31 01:00:00,3.8,20178.041666666668,43.38,7.83
2025-03-31 02:00:00,2.4,20178.083333333332,43.38,7.83
2025-03-31 04:00:00,2.3,20178.166666666668,43.38,7.83
2025-03-31 06:00:00,4.0,20178.25,43.38,7.83
2025-03-31 12:00:00,7.4,20178.5,43.38,7.83
2025-03-31 13:00:00,6.4,20178.541666666668,43.38,7.83
2025-03-31 14:00:00,5.3,20178.583333333332,43.38,7.83
2025-03-31 15:00:00,4.6,20178.625,43.38,7.83
2025-03-31 17:00:00,2.8,20178.708333333332,43.38,7.83
2025-03-31 18:00:00,3.0,20178.75,43.38,7.83
2025-03-31 20:00:00,2.5,20178.833333333332,43.38,7.83
2025-03-31 21:00:00,2.2,20178.875,43.38,7.83
2025-03-31 22:00:00,2.2,20178.916666666668,43.38,7.83
2025-03-31 23:00:00,1.5,20178.958333333332,43.38,7.83
2025-04-01 00:00:00,2.4,20179.0,43.38,7.83
2025-04-01 02:00:00,4.2,20179.083333333332,43.38,7.83
2025-04-01 04:00:00,5.1,20179.166666666668,43.38,7.83
2025-04-01 06:00:00,6.8,20179.25,43.38,7.83
2025-04-01 13:00:00,6.4,20179.541666666668,43.38,7.83
2025-04-01 16:00:00,9.3,20179.666666666668,43.38,7.83
2025-04-01 17:00:00,7.2,20179.708333333332,43.38,7.83
2025-04-01 21:00:00,9.3,20179.875,43.38,7.83
2025-04-01 22:00:00,9.1,20179.916666666668,43.38,7.83
2025-04-01 23:00:00,10.1,20179.958333333332,43.38,7.83
2025-04-02 00:00:00,10.3,20180.0,43.38,7.83
2025-04-02 01:00:00,11.2,20180.041666666668,43.38,7.83
2025-04-02 02:00:00,11.5,20180.083333333332,43.38,7.83
2025-04-02 07:00:00,11.2,20180.291666666668,43.38,7.83
2025-04-02 09:00:00,10.8,20180.375,43.38,7.83
2025-04-02 10:00:00,10.3,20180.416666666668,43.38,7.83
2025-04-02 18:00:00,7.1,20180.75,43.38,7.83
2025-04-02 19:00:00,7.0,20180.791666666668,43.38,7.83
2025-04-02 21:00:00,7.7,20180.875,43.38,7.83
2025-04-02 23:00:00,7.4,20180.958333333332,43.38,7.83
2025-04-03 02:00:00,7.9,20181.083333333332,43.38,7.83
2025-04-03 04:00:00,8.1,20181.166666666668,43.38,7.83
2025-04-03 05:00:00,8.0,20181.208333333332,43.38,7.83
2025-04-03 06:00:00,8.5,20181.25,43.38,7.83
2025-04-03 08:00:00,9.0,20181.333333333332,43.38,7.83
2025-04-03 09:00:00,8.2,20181.375,43.38,7.83
2025-04-03 10:00:00,7.6,20181.416666666668,43.38,7.83
2025-04-03 13:00:00,4.9,20181.541666666668,43.38,7.83
2025-04-03 14:00:00,4.0,20181.583333333332,43.38,7.83
2025-04-03 15:00:00,2.5,20181.625,43.38,7.83
2025-04-03 16:00:00,1.6,20181.666666666668,43.38,7.83
2025-04-03 17:00:00,2.0,20181.708333333332,43.38,7.83
2025-04-03 18:00:00,1.8,20181.75,43.38,7.83
2025-04-03 20:00:00,1.2,20181.833333333332,43.38,7.83
2025-04-03 22:00:00,0.8,20181.916666666668,43.38,7.83
2025-04-03 23:00:00,1.4,20181.958333333332,43.38,7.83
2025-04-04 02:00:00,1.2,20182.083333333332,43.38,7.83
2025-04-04 03:00:00,1.8,20182.125,43.38,7.83
2025-04-04 04:00:00,2.7,20182.166666666668,43.38,7.83
2025-04-04 12:00:00,6.8,20182.5,43.38,7.83
2025-04-04 15:00:00,5.6,20182.625,43.38,7.83
2025-04-04 16:00:00,7.5,20182.666666666668,43.38,7.83
2025-04-04 18:00:00,4.7,20182.75,43.38,7.83
2025-04-04 20:00:00,4.3,20182.833333333332,43.38,7.83
2025-04-04 21:00:00,3.7,20182.875,43.38,7.83
2025-04-04 22:00:00,5.1,20182.916666666668,43.38,7.83
2025-04-04 23:00:00,5.5,20182.958333333332,43.38,7.83
2025-04-05 02:00:00,6.0,20183.083333333332,43.38,7.83
2025-04-05 03:00:00,5.1,20183.125,43.38,7.83
2025-04-05 04:00:00,5.0,20183.166666666668,43.38,7.83
2025-04-05 05:00:00,4.3,20183.208333333332,43.38,7.83
2025-04-05 06:00:00,2.9,20183.25,43.38,7.83
2025-04-05 08:00:00,2.8,20183.333333333332,43.38,7.83
2025-04-05 09:00:00,2.8,20183.375,43.38,7.83
2025-04-05 11:00:00,1.9,20183.458333333332,43.38,7.83
2025-04-05 13:00:00,2.1,20183.541666666668,43.38,7.83
2025-04-05 14:00:00,3.0,20183.583333333332,43.38,7.83
2025-04-05 15:00:00,3.5,20183.625,43.38,7.83
2025-04-05 16:00:00,3.9,20183.666666666668,43.38,7.83
2025-04-05 17:00:00,3.7,20183.708333333332,43.38,7.83
2025-04-05 20:00:00,5.6,20183.833333333332,43.38,7.83
2025-04-05 23:00:00,6.6,20183.958333333332,43.38,7.83
2025-04-06 01:00:00,6.2,20184.041666666668,43.38,7.83
2025-04-06 03:00:00,6.2,20184.125,43.38,7.83
2025-04-06 05:00:00,5.8,20184.208333333332,43.38,7.83
2025-04-06 07:00:00,5.2,20184.291666666668,43.38,7.83
2025-04-06 11:00:00,3.2,20184.458333333332,43.38,7.83
2025-04-06 13:00:00,1.5,20184.541666666668,43.38,7.83
2025-04-06 15:00:00,0.8,20184.625,43.38,7.83
2025-04-06 19:00:00,1.0,20184.791666666668,43.38,7.83
2025-04-06 22:00:00,3.7,20184.916666666668,43.38,7.83
